TransactionID,DeviceType,DeviceInfo,id_15,id_23,id_30,id_31,id_33
3000067,desktop,Windows,Found,,Windows 10,chrome 63.0,1920x1080
3000068,desktop,Windows,Found,,Windows 10,chrome 63.0,1920x1080
3000069,desktop,Windows,Found,,Windows 10,chrome 63.0,1920x1080
3000070,desktop,Windows,Found,,Windows 10,chrome 63.0,1920x1080
3000071,desktop,Windows,Found,,Windows 10,chrome 63.0,1920x1080
3000072,desktop,Windows,Found,,Windows 10,chrome 63.0,1920x1080
3000073,desktop,Windows,Found,,Windows 10,chrome 63.0,1920x1080
3000074,desktop,Windows,Found,,Windows 10,chrome 63.0,1920x1080
3000075,desktop,Windows,Found,,Windows 10,chrome 63.0,1920x1080
3000076,desktop,Windows,Found,,Windows 10,chrome 63.0,1920x1080
3000077,desktop,Windows,Found,,Windows 10,chrome 63.0,1920x1080
3000078,desktop,Windows,Found,,Windows 10,chrome 63.0,1920x1080
3000079,desktop,Windows,Found,,Windows 10,chrome 63.0,1920x1080
3000080,desktop,Windows,Found,,Windows 10,chrome 63.0,1920x1080
3000081,desktop,Windows,Found,,Windows 10,chrome 63.0,1920x1080
3000082,desktop,Windows,Found,,Windows 10,chrome 63.0,1920x1080
3000083,desktop,Windows,Found,,Windows 10,chrome 63.0,1920x1080
3000084,desktop,Windows,Found,,Windows 10,chrome 63.0,1920x1080
3000085,desktop,Windows,Found,,Windows 10,chrome 63.0,1920x1080
3000086,desktop,Windows,Found,,Windows 10,chrome 63.0,1920x1080
3000087,desktop,Windows,Found,,Windows 10,chrome 63.0,1920x1080
3000088,desktop,Windows,Found,,Windows 10,chrome 63.0,1920x1080
3000089,desktop,Windows,Found,,Windows 10,chrome 63.0,1920x1080
3000090,desktop,Windows,Found,,Windows 10,chrome 63.0,1920x1080
3000091,desktop,Windows,Found,,Windows 10,chrome 63.0,1920x1080
3000092,desktop,Windows,Found,,Windows 10,chrome 63.0,1920x1080
3000093,desktop,Windows,Found,,Windows 10,chrome 63.0,1920x1080
3000094,desktop,Windows,Found,,Windows 10,chrome 63.0,1920x1080
3000095,desktop,Windows,Found,,Windows 10,chrome 63.0,1920x1080
3000096,desktop,Windows,Found,,Windows 10,chrome 63.0,1920x1080
3000097,desktop,Windows,Found,,Windows 10,chrome 63.0,1920x1080
3000098,desktop,Windows,Found,,Windows 10,chrome 63.0,1920x1080
3000099,desktop,Windows,Found,,Windows 10,chrome 63.0,1920x1080
3000100,desktop,Windows,Found,,Windows 10,chrome 63.0,1920x1080
3000101,desktop,Windows,Found,,Windows 10,chrome 63.0,1920x1080
3000102,desktop,Windows,Found,,Windows 10,chrome 63.0,1920x1080
3000103,desktop,Windows,Found,,Windows 10,chrome 63.0,1920x1080
3000104,desktop,Windows,Found,,Windows 10,chrome 63.0,1920x1080
3000105,desktop,Windows,Found,,Windows 10,chrome 63.0,1920x1080
3000106,desktop,Windows,Found,,Windows 10,chrome 63.0,1920x1080
3000107,desktop,Windows,Found,,Windows 10,chrome 63.0,1920x1080
3000108,desktop,Windows,Found,,Windows 10,chrome 63.0,1920x1080
3000109,desktop,Windows,Found,,Windows 10,chrome 63.0,1920x1080
3000110,desktop,Windows,Found,,Windows 10,chrome 63.0,1920x1080
3000111,desktop,Windows,Found,,Windows 10,chrome 63.0,1920x1080
3000112,desktop,Windows,Found,,Windows 10,chrome 63.0,1920x1080
3000113,desktop,Windows,Found,,Windows 10,chrome 63.0,1920x1080
3000114,desktop,Windows,Found,,Windows 10,chrome 63.0,1920x1080
3000115,desktop,Windows,Found,,Windows 10,chrome 63.0,1920x1080
3000116,desktop,Windows,Found,,Windows 10,chrome 63.0,1920x1080
3000117,desktop,Windows,Found,,Windows 10,chrome 63.0,1920x1080
3000118,desktop,Windows,Found,,Windows 10,chrome 63.0,1920x1080
3000119,desktop,Windows,Found,,Windows 10,chrome 63.0,1920x1080
3000120,desktop,Windows,Found,,Windows 10,chrome 63.0,1920x1080
3000121,desktop,Windows,Found,,Windows 10,chrome 63.0,1920x1080
3000122,desktop,Windows,Found,,Windows 10,chrome 63.0,1920x1080
3000123,desktop,Windows,Found,,Windows 10,chrome 63.0,1920x1080
3000124,desktop,Windows,Found,,Windows 10,chrome 63.0,1920x1080
3000125,desktop,Windows,Found,,Windows 10,chrome 63.0,1920x1080
3000126,desktop,Windows,Found,,Windows 10,chrome 63.0,1920x1080
3000127,desktop,Windows,Found,,Windows 10,chrome 63.0,1920x1080
3000128,desktop,Windows,Found,,Windows 10,chrome 63.0,1920x1080
3000129,desktop,Windows,Found,,Windows 10,chrome 63.0,1920x1080
3000130,desktop,Windows,Found,,Windows 10,chrome 63.0,1920x1080
3000131,desktop,Windows,Found,,Windows 10,chrome 63.0,1920x1080
3000132,desktop,Windows,Found,,Windows 10,chrome 63.0,1920x1080
3000133,desktop,Windows,Found,,Windows 10,chrome 63.0,1920x1080
3000134,desktop,Windows,Found,,Windows 10,chrome 63.0,1920x1080
3000135,desktop,Windows,Found,,Windows 10,chrome 63.0,1920x1080
3000136,desktop,Windows,Found,,Windows 10,chrome 63.0,1920x1080
3000137,desktop,Windows,Found,,Windows 10,chrome 63.0,1920x1080
3000138,desktop,Windows,Found,,Windows 10,chrome 63.0,1920x1080
3000139,desktop,Windows,Found,,Windows 10,chrome 63.0,1920x1080
3000140,desktop,Windows,Found,,Windows 10,chrome 63.0,1920x1080
3000141,desktop,Windows,Found,,Windows 10,chrome 63.0,1920x1080
3000142,desktop,Windows,Found,,Windows 10,chrome 63.0,1920x1080
3000143,desktop,Windows,Found,,Windows 10,chrome 63.0,1920x1080
3000144,desktop,Windows,Found,,Windows 10,chrome 63.0,1920x1080
3000145,desktop,Windows,New,,Windows 10,chrome 63.0,1920x1080
3000146,desktop,Windows,Found,,Windows 10,chrome 63.0,1920x1080
3000147,desktop,Windows,Found,,Windows 10,chrome 63.0,1920x1080
3000148,desktop,Windows,Found,,Windows 10,chrome 63.0,1920x1080
3000149,desktop,Windows,Found,,Windows 10,chrome 63.0,1920x1080
3000150,desktop,Windows,Found,,Windows 10,chrome 63.0,1920x1080
3000151,desktop,Windows,Found,,Windows 10,chrome 63.0,1920x1080
3000152,desktop,Windows,Found,,Windows 10,chrome 63.0,1920x1080
3000153,desktop,Windows,Found,,Windows 10,chrome 63.0,1920x1080
3000154,desktop,Windows,Found,,Windows 10,chrome 63.0,1920x1080
3000155,desktop,Windows,Found,,Windows 10,chrome 63.0,1920x1080
3000156,desktop,Windows,Found,,Windows 10,chrome 63.0,1920x1080
3000157,desktop,Windows,Found,,Windows 10,chrome 63.0,1920x1080
3000158,desktop,Windows,Found,,Windows 10,chrome 63.0,1920x1080
3000159,desktop,Windows,Found,,Windows 10,chrome 63.0,1920x1080
3000160,desktop,Windows,Found,,Windows 10,chrome 63.0,1920x1080
3000161,desktop,Windows,Found,,Windows 10,chrome 63.0,1920x1080
3000162,desktop,Windows,Found,,Windows 10,chrome 63.0,1920x1080
3000163,desktop,Windows,Found,,Windows 10,chrome 63.0,1920x1080
3000164,desktop,Windows,Found,,Windows 10,chrome 63.0,1920x1080
3000165,desktop,Windows,Found,,Windows 10,chrome 63.0,1920x1080
3000166,desktop,Windows,Found,,Windows 10,chrome 63.0,1920x1080
3000167,desktop,Windows,Found,,Windows 10,chrome 63.0,1920x1080
3000168,desktop,Windows,Found,,Windows 10,chrome 63.0,1920x1080
3000169,desktop,Windows,Found,,Windows 10,chrome 63.0,1920x1080
3000170,desktop,Windows,Found,,Windows 10,chrome 63.0,1920x1080
3000171,desktop,Windows,Found,,Windows 10,chrome 63.0,1920x1080
3000172,desktop,Windows,Found,,Windows 10,chrome 63.0,1920x1080
3000173,desktop,Windows,Found,,Windows 10,chrome 63.0,1920x1080
3000174,desktop,Windows,Found,,Windows 10,chrome 63.0,1920x1080
3000175,desktop,Windows,Found,,Windows 10,chrome 63.0,1920x1080
3000176,desktop,Windows,Found,,Windows 10,chrome 63.0,1920x1080
3000177,desktop,Windows,Found,,Windows 10,chrome 63.0,1920x1080
3000178,desktop,Windows,Found,,Windows 10,chrome 63.0,1920x1080
3000179,desktop,Windows,Found,,Windows 10,chrome 63.0,1920x1080
3000180,desktop,Windows,Found,,Windows 10,chrome 63.0,1920x1080
3000181,desktop,Windows,Found,,Windows 10,chrome 63.0,1920x1080
3000182,desktop,Windows,Found,,Windows 10,chrome 63.0,1920x1080
3000183,desktop,Windows,Found,,Windows 10,chrome 63.0,1920x1080
3000184,desktop,Windows,Found,,Windows 10,chrome 63.0,1920x1080
3000185,desktop,Windows,Found,,Windows 10,chrome 63.0,1920x1080
3000186,desktop,Windows,Found,,Windows 10,chrome 63.0,1920x1080
3000187,desktop,Windows,Found,,Windows 10,chrome 63.0,1920x1080
3000188,desktop,Windows,Found,,Windows 10,chrome 63.0,1920x1080
3000189,desktop,Windows,Found,,Windows 10,chrome 63.0,1920x1080
3000190,desktop,Windows,Found,,Windows 10,chrome 63.0,1920x1080
3000191,desktop,Windows,Found,,Windows 10,chrome 63.0,1920x1080
3000192,desktop,Windows,Found,,Windows 10,chrome 63.0,1920x1080
3000193,desktop,Windows,Found,,Windows 10,chrome 63.0,1920x1080
3000194,desktop,Windows,Found,,Windows 10,chrome 63.0,1920x1080
3000195,desktop,Windows,Found,,Windows 10,chrome 63.0,1920x1080
3000196,desktop,Windows,Found,,Windows 10,chrome 63.0,1920x1080
3000197,desktop,Windows,Found,,Windows 10,chrome 63.0,1920x1080
3000198,desktop,Windows,Found,,Windows 10,chrome 63.0,1920x1080
3000199,desktop,Windows,Found,,Windows 10,chrome 63.0,1920x1080
3000200,desktop,Windows,Found,,Windows 10,chrome 63.0,1920x1080
3000201,desktop,Windows,Found,,Windows 10,chrome 63.0,1920x1080
3000202,desktop,Windows,Found,,Windows 10,chrome 63.0,1920x1080
3000203,desktop,Windows,Found,,Windows 10,chrome 63.0,1920x1080
3000204,desktop,Windows,Found,,Windows 10,chrome 63.0,1920x1080
3000205,desktop,Windows,Found,,Windows 10,chrome 63.0,1920x1080
3000206,desktop,Windows,Found,,Windows 10,chrome 63.0,1920x1080
3000207,desktop,Windows,Found,,Windows 10,chrome 63.0,1920x1080
3000208,desktop,Windows,Found,,Windows 10,chrome 63.0,1920x1080
3000209,desktop,Windows,Found,,Windows 10,chrome 63.0,1920x1080
3000210,desktop,Windows,Found,,Windows 10,chrome 63.0,1920x1080
3000211,desktop,Windows,Found,,Windows 10,chrome 63.0,1920x1080
3000212,desktop,Windows,Found,,Windows 10,chrome 63.0,1920x1080
3000213,desktop,Windows,Found,,Windows 10,chrome 63.0,1920x1080
3000214,desktop,Windows,Found,,Windows 10,chrome 63.0,1920x1080
3000215,desktop,Windows,Found,,Windows 10,chrome 63.0,1920x1080
3000216,desktop,Windows,Found,,Windows 10,chrome 63.0,1920x1080
3000217,desktop,Windows,Found,,Windows 10,chrome 63.0,1920x1080
3000218,desktop,Windows,Found,,Windows 10,chrome 63.0,1920x1080
3000219,desktop,Windows,Found,,Windows 10,chrome 63.0,1920x1080
3000220,desktop,Windows,Found,,Windows 10,chrome 63.0,1920x1080
3000221,desktop,Windows,Found,,Windows 10,chrome 63.0,1920x1080
3000222,desktop,Windows,Found,,Windows 10,chrome 63.0,1920x1080
3000223,desktop,Windows,Found,,Windows 10,chrome 63.0,1920x1080
3000224,desktop,Windows,Found,,Windows 10,chrome 63.0,1920x1080
3000225,desktop,Windows,Found,,Windows 10,chrome 63.0,1920x1080
3000226,desktop,Windows,Found,,Windows 10,chrome 63.0,1920x1080
3000227,desktop,Windows,Found,,Windows 10,chrome 63.0,1920x1080
3000228,desktop,Windows,Found,,Windows 10,chrome 63.0,1920x1080
3000229,desktop,Windows,Found,,Windows 10,chrome 63.0,1920x1080
3000230,desktop,Windows,Found,,Windows 10,chrome 63.0,1920x1080
3000231,desktop,Windows,Found,,Windows 10,chrome 63.0,1920x1080
3000232,desktop,Windows,Found,,Windows 10,chrome 63.0,1920x1080
3000233,desktop,Windows,Found,,Windows 10,chrome 63.0,1920x1080
3000234,desktop,Windows,Found,,Windows 10,chrome 63.0,1920x1080
3000235,desktop,Windows,Found,,Windows 10,chrome 63.0,1920x1080
3000236,desktop,Windows,Found,,Windows 10,chrome 63.0,1920x1080
3000237,desktop,Windows,Found,,Windows 10,chrome 63.0,1920x1080
3000238,desktop,Windows,Found,,Windows 10,chrome 63.0,1920x1080
3000239,desktop,Windows,Found,,Windows 10,chrome 63.0,1920x1080
3000240,desktop,Windows,Found,,Windows 10,chrome 63.0,1920x1080
3000241,desktop,Windows,Found,,Windows 10,chrome 63.0,1920x1080
3000242,desktop,Windows,Found,,Windows 10,chrome 63.0,1920x1080
3000243,desktop,Windows,Found,,Windows 10,chrome 63.0,1920x1080
3000244,desktop,Windows,Found,,Windows 10,chrome 63.0,1920x1080
3000245,desktop,Windows,Found,,Windows 10,chrome 63.0,1920x1080
3000246,desktop,Windows,Found,,Windows 10,chrome 63.0,1920x1080
3000247,desktop,Windows,Found,,Windows 10,chrome 63.0,1920x1080
3000248,desktop,Windows,Found,,Windows 10,chrome 63.0,1920x1080
3000249,desktop,Windows,Found,,Windows 10,chrome 63.0,1920x1080
3000250,desktop,Windows,Found,,Windows 10,chrome 63.0,1920x1080
3000251,desktop,Windows,Found,,Windows 10,chrome 63.0,1920x1080
3000252,desktop,Windows,Found,,Windows 10,chrome 63.0,1920x1080
3000253,desktop,Windows,Found,,Windows 10,chrome 63.0,1920x1080
3000254,desktop,Windows,Found,,Windows 10,chrome 63.0,1920x1080
3000255,desktop,Windows,Found,,Windows 10,chrome 63.0,1920x1080
3000256,desktop,Windows,Found,,Windows 10,chrome 63.0,1920x1080
3000257,desktop,Windows,Found,,Windows 10,chrome 63.0,1920x1080
3000258,desktop,Windows,Found,,Windows 10,chrome 63.0,1920x1080
3000259,desktop,Windows,Found,,Windows 10,chrome 63.0,1920x1080
3000260,desktop,Windows,Found,,Windows 10,chrome 63.0,1920x1080
3000261,desktop,Windows,Found,,Windows 10,chrome 63.0,1920x1080
3000262,desktop,Windows,Found,,Windows 10,chrome 63.0,1920x1080
3000263,desktop,Windows,Found,,Windows 10,chrome 63.0,1920x1080
3000264,desktop,Windows,Found,,Windows 10,chrome 63.0,1920x1080
3000265,desktop,Windows,Found,,Windows 10,chrome 63.0,1920x1080
3000266,desktop,Windows,Found,,Windows 10,chrome 63.0,1920x1080
3000267,desktop,Windows,Found,,Windows 10,chrome 63.0,1920x1080
3000268,desktop,Windows,Found,,Windows 10,chrome 63.0,1920x1080
3000269,desktop,Windows,Found,,Windows 10,chrome 63.0,1920x1080
3000270,desktop,Windows,Found,,Windows 10,chrome 63.0,1920x1080
3000271,desktop,Windows,Found,,Windows 10,chrome 63.0,1920x1080
3000272,desktop,Windows,Found,,Windows 10,chrome 63.0,1920x1080
3000273,desktop,Windows,Found,,Windows 10,chrome 63.0,1920x1080
3000274,desktop,Windows,Found,,Windows 10,chrome 63.0,1920x1080
3000275,desktop,Windows,Found,,Windows 10,chrome 63.0,1920x1080
3000276,desktop,Windows,Found,,Windows 10,chrome 63.0,1920x1080
3000277,desktop,Windows,Found,,Windows 10,chrome 63.0,1920x1080
3000278,desktop,Windows,Found,,Windows 10,chrome 63.0,1920x1080
3000279,desktop,Windows,Found,,Windows 10,chrome 63.0,1920x1080
3000280,desktop,Windows,Found,,Windows 10,chrome 63.0,1920x1080
3000281,desktop,Windows,Found,,Windows 10,chrome 63.0,1920x1080
3000282,desktop,Windows,Found,,Windows 10,chrome 63.0,1920x1080
3000283,desktop,Windows,Found,,Windows 10,chrome 63.0,1920x1080
3000284,desktop,Windows,Found,,Windows 10,chrome 63.0,1920x1080
3000285,desktop,Windows,New,,Windows 10,chrome 63.0,1920x1080
3000347,desktop,Windows,Found,,Windows 10,chrome 63.0,1920x1080
3000348,desktop,Windows,Found,,Windows 10,chrome 63.0,1920x1080
3000349,desktop,Windows,Found,,Windows 10,chrome 63.0,1920x1080
3000350,desktop,Windows,Found,,Windows 10,chrome 63.0,1920x1080
3000351,desktop,Windows,Found,,Windows 10,chrome 63.0,1920x1080
3000352,desktop,Windows,Found,,Windows 10,chrome 63.0,1920x1080
3000353,desktop,Windows,Found,,Windows 10,chrome 63.0,1920x1080
3000354,desktop,Windows,Found,,Windows 10,chrome 63.0,1920x1080
3000355,desktop,Windows,Found,,Windows 10,chrome 63.0,1920x1080
3000356,desktop,Windows,Found,,Windows 10,chrome 63.0,1920x1080
3000357,desktop,Windows,Found,,Windows 10,chrome 63.0,1920x1080
3000358,desktop,Windows,Found,,Windows 10,chrome 63.0,1920x1080
3000359,desktop,Windows,Found,,Windows 10,chrome 63.0,1920x1080
3000360,desktop,Windows,Found,,Windows 10,chrome 63.0,1920x1080
3000361,desktop,Windows,Found,,Windows 10,chrome 63.0,1920x1080
3000362,desktop,Windows,Found,,Windows 10,chrome 63.0,1920x1080
3000363,desktop,Windows,Found,,Windows 10,chrome 63.0,1920x1080
3000364,desktop,Windows,Found,,Windows 10,chrome 63.0,1920x1080
3000365,desktop,Windows,Found,,Windows 10,chrome 63.0,1920x1080
3000366,desktop,Windows,Found,,Windows 10,chrome 63.0,1920x1080
3000367,desktop,Windows,Found,,Windows 10,chrome 63.0,1920x1080
3000368,desktop,Windows,Found,,Windows 10,chrome 63.0,1920x1080
3000369,desktop,Windows,Found,,Windows 10,chrome 63.0,1920x1080
3000370,desktop,Windows,Found,,Windows 10,chrome 63.0,1920x1080
3000371,desktop,Windows,Found,,Windows 10,chrome 63.0,1920x1080
3000372,desktop,Windows,Found,,Windows 10,chrome 63.0,1920x1080
3000373,desktop,Windows,Found,,Windows 10,chrome 63.0,1920x1080
3000374,desktop,Windows,Found,,Windows 10,chrome 63.0,1920x1080
3000375,desktop,Windows,Found,,Windows 10,chrome 63.0,1920x1080
3000376,desktop,Windows,Found,,Windows 10,chrome 63.0,1920x1080
3000377,desktop,Windows,Found,,Windows 10,chrome 63.0,1920x1080
3000378,desktop,Windows,Found,,Windows 10,chrome 63.0,1920x1080
3000379,desktop,Windows,Found,,Windows 10,chrome 63.0,1920x1080
3000380,desktop,Windows,Found,,Windows 10,chrome 63.0,1920x1080
3000381,desktop,Windows,Found,,Windows 10,chrome 63.0,1920x1080
3000382,desktop,Windows,Found,,Windows 10,chrome 63.0,1920x1080
3000383,desktop,Windows,Found,,Windows 10,chrome 63.0,1920x1080
3000384,desktop,Windows,Found,,Windows 10,chrome 63.0,1920x1080
3000385,desktop,Windows,Found,,Windows 10,chrome 63.0,1920x1080
3000386,desktop,Windows,Found,,Windows 10,chrome 63.0,1920x1080
3000387,desktop,Windows,Found,,Windows 10,chrome 63.0,1920x1080
3000388,desktop,Windows,Found,,Windows 10,chrome 63.0,1920x1080
3000389,desktop,Windows,Found,,Windows 10,chrome 63.0,1920x1080
3000390,desktop,Windows,Found,,Windows 10,chrome 63.0,1920x1080
3000391,desktop,Windows,Found,,Windows 10,chrome 63.0,1920x1080
3000392,desktop,Windows,Found,,Windows 10,chrome 63.0,1920x1080
3000393,desktop,Windows,Found,,Windows 10,chrome 63.0,1920x1080
3000394,desktop,Windows,Found,,Windows 10,chrome 63.0,1920x1080
3000395,desktop,Windows,Found,,Windows 10,chrome 63.0,1920x1080
3000396,desktop,Windows,Found,,Windows 10,chrome 63.0,1920x1080
3000397,desktop,Windows,Found,,Windows 10,chrome 63.0,1920x1080
3000398,desktop,Windows,Found,,Windows 10,chrome 63.0,1920x1080
3000399,desktop,Windows,Found,,Windows 10,chrome 63.0,1920x1080
3000400,desktop,Windows,Found,,Windows 10,chrome 63.0,1920x1080
3000401,desktop,Windows,Found,,Windows 10,chrome 63.0,1920x1080
3000402,desktop,Windows,Found,,Windows 10,chrome 63.0,1920x1080
3000403,desktop,Windows,Found,,Windows 10,chrome 63.0,1920x1080
3000404,desktop,Windows,Found,,Windows 10,chrome 63.0,1920x1080
3000405,desktop,Windows,Found,,Windows 10,chrome 63.0,1920x1080
3000406,desktop,Windows,Found,,Windows 10,chrome 63.0,1920x1080
3000407,desktop,Windows,Found,,Windows 10,chrome 63.0,1920x1080
3000408,desktop,Windows,Found,,Windows 10,chrome 63.0,1920x1080
3000409,desktop,Windows,Found,,Windows 10,chrome 63.0,1920x1080
3000410,desktop,Windows,Found,,Windows 10,chrome 63.0,1920x1080
3000411,desktop,Windows,Found,,Windows 10,chrome 63.0,1920x1080
3000412,desktop,Windows,Found,,Windows 10,chrome 63.0,1920x1080
3000413,desktop,Windows,Found,,Windows 10,chrome 63.0,1920x1080
3000414,desktop,Windows,Found,,Windows 10,chrome 63.0,1920x1080
3000415,desktop,Windows,Found,,Windows 10,chrome 63.0,1920x1080
3000416,desktop,Windows,Found,,Windows 10,chrome 63.0,1920x1080
3000417,desktop,Windows,Found,,Windows 10,chrome 63.0,1920x1080
3000418,desktop,Windows,Found,,Windows 10,chrome 63.0,1920x1080
3000419,desktop,Windows,Found,,Windows 10,chrome 63.0,1920x1080
3000420,desktop,Windows,Found,,Windows 10,chrome 63.0,1920x1080
3000421,desktop,Windows,Found,,Windows 10,chrome 63.0,1920x1080
3000422,desktop,Windows,Found,,Windows 10,chrome 63.0,1920x1080
3000423,desktop,Windows,New,,Windows 10,chrome 63.0,1920x1080
3000424,desktop,Windows,Found,,Windows 10,chrome 63.0,1920x1080
3000425,desktop,Windows,Found,,Windows 10,chrome 63.0,1920x1080
3000426,desktop,Windows,Found,,Windows 10,chrome 63.0,1920x1080
3000427,desktop,Windows,Found,,Windows 10,chrome 63.0,1920x1080
3000428,desktop,Windows,Found,,Windows 10,chrome 63.0,1920x1080
3000429,desktop,Windows,Found,,Windows 10,chrome 63.0,1920x1080
3000430,desktop,Windows,Found,,Windows 10,chrome 63.0,1920x1080
3000431,desktop,Windows,Found,,Windows 10,chrome 63.0,1920x1080
3000432,desktop,Windows,Found,,Windows 10,chrome 63.0,1920x1080
3000433,desktop,Windows,Found,,Windows 10,chrome 63.0,1920x1080
3000434,desktop,Windows,Found,,Windows 10,chrome 63.0,1920x1080
3000435,desktop,Windows,Found,,Windows 10,chrome 63.0,1920x1080
3000436,desktop,Windows,Found,,Windows 10,chrome 63.0,1920x1080
3000437,desktop,Windows,Found,,Windows 10,chrome 63.0,1920x1080
3000438,desktop,Windows,Found,,Windows 10,chrome 63.0,1920x1080
3000439,desktop,Windows,Found,,Windows 10,chrome 63.0,1920x1080
3000440,desktop,Windows,Found,,Windows 10,chrome 63.0,1920x1080
3000441,desktop,Windows,Found,,Windows 10,chrome 63.0,1920x1080
3000442,desktop,Windows,Found,,Windows 10,chrome 63.0,1920x1080
3000443,desktop,Windows,Found,,Windows 10,chrome 63.0,1920x1080
3000444,desktop,Windows,Found,,Windows 10,chrome 63.0,1920x1080
3000445,desktop,Windows,Found,,Windows 10,chrome 63.0,1920x1080
3000446,desktop,Windows,Found,,Windows 10,chrome 63.0,1920x1080
3000447,desktop,Windows,Found,,Windows 10,chrome 63.0,1920x1080
3000448,desktop,Windows,Found,,Windows 10,chrome 63.0,1920x1080
3000449,desktop,Windows,Found,,Windows 10,chrome 63.0,1920x1080
3000450,desktop,Windows,Found,,Windows 10,chrome 63.0,1920x1080
3000451,desktop,Windows,Found,,Windows 10,chrome 63.0,1920x1080
3000452,desktop,Windows,Found,,Windows 10,chrome 63.0,1920x1080
3000453,desktop,Windows,Found,,Windows 10,chrome 63.0,1920x1080
3000454,desktop,Windows,Found,,Windows 10,chrome 63.0,1920x1080
3000455,desktop,Windows,Found,,Windows 10,chrome 63.0,1920x1080
3000456,desktop,Windows,Found,,Windows 10,chrome 63.0,1920x1080
3000457,desktop,Windows,Found,,Windows 10,chrome 63.0,1920x1080
3000458,desktop,Windows,Found,,Windows 10,chrome 63.0,1920x1080
3000459,desktop,Windows,Found,,Windows 10,chrome 63.0,1920x1080
3000460,desktop,Windows,Found,,Windows 10,chrome 63.0,1920x1080
3000461,desktop,Windows,Found,,Windows 10,chrome 63.0,1920x1080
3000462,desktop,Windows,Found,,Windows 10,chrome 63.0,1920x1080
3000463,desktop,Windows,Found,,Windows 10,chrome 63.0,1920x1080
3000464,desktop,Windows,Found,,Windows 10,chrome 63.0,1920x1080
3000465,desktop,Windows,Found,,Windows 10,chrome 63.0,1920x1080
3000466,desktop,Windows,Found,,Windows 10,chrome 63.0,1920x1080
3000467,desktop,Windows,Found,,Windows 10,chrome 63.0,1920x1080
3000468,desktop,Windows,Found,,Windows 10,chrome 63.0,1920x1080
3000469,desktop,Windows,Found,,Windows 10,chrome 63.0,1920x1080
3000470,desktop,Windows,New,,Windows 10,chrome 63.0,1920x1080
3000471,desktop,Windows,Found,,Windows 10,chrome 63.0,1920x1080
3000472,desktop,Windows,Found,,Windows 10,chrome 63.0,1920x1080
3000473,desktop,Windows,Found,,Windows 10,chrome 63.0,1920x1080
3000474,desktop,Windows,Found,,Windows 10,chrome 63.0,1920x1080
3000475,desktop,Windows,Found,,Windows 10,chrome 63.0,1920x1080
3000476,desktop,Windows,Found,,Windows 10,chrome 63.0,1920x1080
3000477,desktop,Windows,Found,,Windows 10,chrome 63.0,1920x1080
3000478,desktop,Windows,Found,,Windows 10,chrome 63.0,1920x1080
3000479,desktop,Windows,Found,,Windows 10,chrome 63.0,1920x1080
3000480,desktop,Windows,Found,,Windows 10,chrome 63.0,1920x1080
3000481,desktop,Windows,Found,,Windows 10,chrome 63.0,1920x1080
3000482,desktop,Windows,Found,,Windows 10,chrome 63.0,1920x1080
3000483,desktop,Windows,Found,,Windows 10,chrome 63.0,1920x1080
3000484,desktop,Windows,Found,,Windows 10,chrome 63.0,1920x1080
3000485,desktop,Windows,Found,,Windows 10,chrome 63.0,1920x1080
3000486,desktop,Windows,Found,,Windows 10,chrome 63.0,1920x1080
3000487,desktop,Windows,Found,,Windows 10,chrome 63.0,1920x1080
3000488,desktop,Windows,Found,,Windows 10,chrome 63.0,1920x1080
3000489,desktop,Windows,Found,,Windows 10,chrome 63.0,1920x1080
3000490,desktop,Windows,Found,,Windows 10,chrome 63.0,1920x1080
3000491,desktop,Windows,Found,,Windows 10,chrome 63.0,1920x1080
3000492,desktop,Windows,Found,,Windows 10,chrome 63.0,1920x1080
3000493,desktop,Windows,Found,,Windows 10,chrome 63.0,1920x1080
3000494,desktop,Windows,Found,,Windows 10,chrome 63.0,1920x1080
3000495,desktop,Windows,Found,,Windows 10,chrome 63.0,1920x1080
3000496,desktop,Windows,Found,,Windows 10,chrome 63.0,1920x1080
3000497,desktop,Windows,Found,,Windows 10,chrome 63.0,1920x1080
3000498,desktop,Windows,Found,,Windows 10,chrome 63.0,1920x1080
3000499,desktop,Windows,Found,,Windows 10,chrome 63.0,1920x1080
3000500,desktop,Windows,Found,,Windows 10,chrome 63.0,1920x1080
3000501,desktop,Windows,Found,,Windows 10,chrome 63.0,1920x1080
3000502,desktop,Windows,Found,,Windows 10,chrome 63.0,1920x1080
3000503,desktop,Windows,Found,,Windows 10,chrome 63.0,1920x1080
3000504,desktop,Windows,Found,,Windows 10,chrome 63.0,1920x1080
3000505,desktop,Windows,Found,,Windows 10,chrome 63.0,1920x1080
3000506,desktop,Windows,Found,,Windows 10,chrome 63.0,1920x1080
3000507,desktop,Windows,Found,,Windows 10,chrome 63.0,1920x1080
3000508,desktop,Windows,Found,,Windows 10,chrome 63.0,1920x1080
3000509,desktop,Windows,Found,,Windows 10,chrome 63.0,1920x1080
3000510,desktop,Windows,Found,,Windows 10,chrome 63.0,1920x1080
3000511,desktop,Windows,Found,,Windows 10,chrome 63.0,1920x1080
3000512,desktop,Windows,Found,,Windows 10,chrome 63.0,1920x1080
3000513,desktop,Windows,Found,,Windows 10,chrome 63.0,1920x1080
3000514,desktop,Windows,Found,,Windows 10,chrome 63.0,1920x1080
3000515,desktop,Windows,Found,,Windows 10,chrome 63.0,1920x1080
3000516,desktop,Windows,Found,,Windows 10,chrome 63.0,1920x1080
3000517,desktop,Windows,Found,,Windows 10,chrome 63.0,1920x1080
3000518,desktop,Windows,Found,,Windows 10,chrome 63.0,1920x1080
3000519,desktop,Windows,Found,,Windows 10,chrome 63.0,1920x1080
3000520,desktop,Windows,Found,,Windows 10,chrome 63.0,1920x1080
3000521,desktop,Windows,Found,,Windows 10,chrome 63.0,1920x1080
3000522,desktop,Windows,Found,,Windows 10,chrome 63.0,1920x1080
3000523,desktop,Windows,Found,,Windows 10,chrome 63.0,1920x1080
3000524,desktop,Windows,Found,,Windows 10,chrome 63.0,1920x1080
3000525,desktop,Windows,Found,,Windows 10,chrome 63.0,1920x1080
3000526,desktop,Windows,Found,,Windows 10,chrome 63.0,1920x1080
3000527,desktop,Windows,Found,,Windows 10,chrome 63.0,1920x1080
3000528,desktop,Windows,Found,,Windows 10,chrome 63.0,1920x1080
3000529,desktop,Windows,Found,,Windows 10,chrome 63.0,1920x1080
3000530,desktop,Windows,Found,,Windows 10,chrome 63.0,1920x1080
3000531,desktop,Windows,Found,,Windows 10,chrome 63.0,1920x1080
3000532,desktop,Windows,Found,,Windows 10,chrome 63.0,1920x1080
3000533,desktop,Windows,Found,,Windows 10,chrome 63.0,1920x1080
3000534,desktop,Windows,Found,,Windows 10,chrome 63.0,1920x1080
3000535,desktop,Windows,Found,,Windows 10,chrome 63.0,1920x1080
3000536,desktop,Windows,Found,,Windows 10,chrome 63.0,1920x1080
3000537,desktop,Windows,Found,,Windows 10,chrome 63.0,1920x1080
3000538,desktop,Windows,Found,,Windows 10,chrome 63.0,1920x1080
3000539,desktop,Windows,Found,,Windows 10,chrome 63.0,1920x1080
3000540,desktop,Windows,Found,,Windows 10,chrome 63.0,1920x1080
3000541,desktop,Windows,Found,,Windows 10,chrome 63.0,1920x1080
3000542,desktop,Windows,Found,,Windows 10,chrome 63.0,1920x1080
3000543,desktop,Windows,Found,,Windows 10,chrome 63.0,1920x1080
3000544,desktop,Windows,Found,,Windows 10,chrome 63.0,1920x1080
3000545,desktop,Windows,Found,,Windows 10,chrome 63.0,1920x1080
3000546,desktop,Windows,Found,,Windows 10,chrome 63.0,1920x1080
3000547,desktop,Windows,Found,,Windows 10,chrome 63.0,1920x1080
3000548,desktop,Windows,Found,,Windows 10,chrome 63.0,1920x1080
3000549,desktop,Windows,Found,,Windows 10,chrome 63.0,1920x1080
3000550,desktop,Windows,Found,,Windows 10,chrome 63.0,1920x1080
3000551,desktop,Windows,Found,,Windows 10,chrome 63.0,1920x1080
3000552,desktop,Windows,Found,,Windows 10,chrome 63.0,1920x1080
3000553,desktop,Windows,Found,,Windows 10,chrome 63.0,1920x1080
3000554,desktop,Windows,Found,,Windows 10,chrome 63.0,1920x1080
3000555,desktop,Windows,Found,,Windows 10,chrome 63.0,1920x1080
3000556,desktop,Windows,Found,,Windows 10,chrome 63.0,1920x1080
3000557,desktop,Windows,Found,,Windows 10,chrome 63.0,1920x1080
3000606,desktop,Windows,Found,,Windows 10,chrome 63.0,1920x1080
3000607,desktop,Windows,Found,,Windows 10,chrome 63.0,1920x1080
3000608,desktop,Windows,Found,,Windows 10,chrome 63.0,1920x1080
3000609,desktop,Windows,Found,,Windows 10,chrome 63.0,1920x1080
3000610,desktop,Windows,Found,,Windows 10,chrome 63.0,1920x1080
3000611,desktop,Windows,Found,,Windows 10,chrome 63.0,1920x1080
3000612,desktop,Windows,Found,,Windows 10,chrome 63.0,1920x1080
3000613,desktop,Windows,Found,,Windows 10,chrome 63.0,1920x1080
3000614,desktop,Windows,Found,,Windows 10,chrome 63.0,1920x1080
3000615,desktop,Windows,Found,,Windows 10,chrome 63.0,1920x1080
3000616,desktop,Windows,Found,,Windows 10,chrome 63.0,1920x1080
3000617,desktop,Windows,Found,,Windows 10,chrome 63.0,1920x1080
3000618,desktop,Windows,Found,,Windows 10,chrome 63.0,1920x1080
3000619,desktop,Windows,Found,,Windows 10,chrome 63.0,1920x1080
3000620,desktop,Windows,Found,,Windows 10,chrome 63.0,1920x1080
3000621,desktop,Windows,Found,,Windows 10,chrome 63.0,1920x1080
3000622,desktop,Windows,Found,,Windows 10,chrome 63.0,1920x1080
3000623,desktop,Windows,Found,,Windows 10,chrome 63.0,1920x1080
3000624,desktop,Windows,Found,,Windows 10,chrome 63.0,1920x1080
3000625,desktop,Windows,Found,,Windows 10,chrome 63.0,1920x1080
3000626,desktop,Windows,Found,,Windows 10,chrome 63.0,1920x1080
3000627,desktop,Windows,Found,,Windows 10,chrome 63.0,1920x1080
3000628,desktop,Windows,Found,,Windows 10,chrome 63.0,1920x1080
3000629,desktop,Windows,Found,,Windows 10,chrome 63.0,1920x1080
3000630,desktop,Windows,Found,,Windows 10,chrome 63.0,1920x1080
3000631,desktop,Windows,Found,,Windows 10,chrome 63.0,1920x1080
3000632,desktop,Windows,Found,,Windows 10,chrome 63.0,1920x1080
3000633,desktop,Windows,Found,,Windows 10,chrome 63.0,1920x1080
3000634,desktop,Windows,Found,,Windows 10,chrome 63.0,1920x1080
3000635,desktop,Windows,Found,,Windows 10,chrome 63.0,1920x1080
3000636,desktop,Windows,Found,,Windows 10,chrome 63.0,1920x1080
3000637,desktop,Windows,Found,,Windows 10,chrome 63.0,1920x1080
3000638,desktop,Windows,Found,,Windows 10,chrome 63.0,1920x1080
3000639,desktop,Windows,Found,,Windows 10,chrome 63.0,1920x1080
3000640,desktop,Windows,Found,,Windows 10,chrome 63.0,1920x1080
3000641,desktop,Windows,Found,,Windows 10,chrome 63.0,1920x1080
3000642,desktop,Windows,Found,,Windows 10,chrome 63.0,1920x1080
3000643,desktop,Windows,Found,,Windows 10,chrome 63.0,1920x1080
3000644,desktop,Windows,Found,,Windows 10,chrome 63.0,1920x1080
3000645,desktop,Windows,Found,,Windows 10,chrome 63.0,1920x1080
3000646,desktop,Windows,Found,,Windows 10,chrome 63.0,1920x1080
3000647,desktop,Windows,Found,,Windows 10,chrome 63.0,1920x1080
3000648,desktop,Windows,Found,,Windows 10,chrome 63.0,1920x1080
3000649,desktop,Windows,Found,,Windows 10,chrome 63.0,1920x1080
3000650,desktop,Windows,Found,,Windows 10,chrome 63.0,1920x1080
3000651,desktop,Windows,Found,,Windows 10,chrome 63.0,1920x1080
3000652,desktop,Windows,Found,,Windows 10,chrome 63.0,1920x1080
3000653,desktop,Windows,Found,,Windows 10,chrome 63.0,1920x1080
3000654,desktop,Windows,Found,,Windows 10,chrome 63.0,1920x1080
3000655,desktop,Windows,Found,,Windows 10,chrome 63.0,1920x1080
3000656,desktop,Windows,Found,,Windows 10,chrome 63.0,1920x1080
3000657,desktop,Windows,Found,,Windows 10,chrome 63.0,1920x1080
3000658,desktop,Windows,Found,,Windows 10,chrome 63.0,1920x1080
3000659,desktop,Windows,Found,,Windows 10,chrome 63.0,1920x1080
3000660,desktop,Windows,Found,,Windows 10,chrome 63.0,1920x1080
3000661,desktop,Windows,Found,,Windows 10,chrome 63.0,1920x1080
3000662,desktop,Windows,Found,,Windows 10,chrome 63.0,1920x1080
3000663,desktop,Windows,Found,,Windows 10,chrome 63.0,1920x1080
3000664,desktop,Windows,Found,,Windows 10,chrome 63.0,1920x1080
3000665,desktop,Windows,Found,,Windows 10,chrome 63.0,1920x1080
3000666,desktop,Windows,Found,,Windows 10,chrome 63.0,1920x1080
3000667,desktop,Windows,Found,,Windows 10,chrome 63.0,1920x1080
3000668,desktop,Windows,Found,,Windows 10,chrome 63.0,1920x1080
3000669,desktop,Windows,Found,,Windows 10,chrome 63.0,1920x1080
3000670,desktop,Windows,Found,,Windows 10,chrome 63.0,1920x1080
3000671,desktop,Windows,Found,,Windows 10,chrome 63.0,1920x1080
3000672,desktop,Windows,Found,,Windows 10,chrome 63.0,1920x1080
3000673,desktop,Windows,Found,,Windows 10,chrome 63.0,1920x1080
3000674,desktop,Windows,Found,,Windows 10,chrome 63.0,1920x1080
3000675,desktop,Windows,Found,,Windows 10,chrome 63.0,1920x1080
3000676,desktop,Windows,Found,,Windows 10,chrome 63.0,1920x1080
3000677,desktop,Windows,Found,,Windows 10,chrome 63.0,1920x1080
3000678,desktop,Windows,Found,,Windows 10,chrome 63.0,1920x1080
3000679,desktop,Windows,Found,,Windows 10,chrome 63.0,1920x1080
3000680,desktop,Windows,Found,,Windows 10,chrome 63.0,1920x1080
3000681,desktop,Windows,Found,,Windows 10,chrome 63.0,1920x1080
3000682,desktop,Windows,Found,,Windows 10,chrome 63.0,1920x1080
3000683,desktop,Windows,Found,,Windows 10,chrome 63.0,1920x1080
3000684,desktop,Windows,Found,,Windows 10,chrome 63.0,1920x1080
3000685,desktop,Windows,Found,,Windows 10,chrome 63.0,1920x1080
3000686,desktop,Windows,Found,,Windows 10,chrome 63.0,1920x1080
3000687,desktop,Windows,Found,,Windows 10,chrome 63.0,1920x1080
3000688,desktop,Windows,Found,,Windows 10,chrome 63.0,1920x1080
3000689,desktop,Windows,Found,,Windows 10,chrome 63.0,1920x1080
3000690,desktop,Windows,Found,,Windows 10,chrome 63.0,1920x1080
3000691,desktop,Windows,Found,,Windows 10,chrome 63.0,1920x1080
3000692,desktop,Windows,Found,,Windows 10,chrome 63.0,1920x1080
3000693,desktop,Windows,New,,Windows 10,chrome 63.0,1920x1080
3000694,desktop,Windows,Found,,Windows 10,chrome 63.0,1920x1080
3000695,desktop,Windows,Found,,Windows 10,chrome 63.0,1920x1080
3000696,desktop,Windows,Found,,Windows 10,chrome 63.0,1920x1080
3000697,desktop,Windows,Found,,Windows 10,chrome 63.0,1920x1080
3000698,desktop,Windows,Found,,Windows 10,chrome 63.0,1920x1080
3000699,desktop,Windows,Found,,Windows 10,chrome 63.0,1920x1080
3000700,desktop,Windows,Found,,Windows 10,chrome 63.0,1920x1080
3000701,desktop,Windows,Found,,Windows 10,chrome 63.0,1920x1080
3000702,desktop,Windows,Found,,Windows 10,chrome 63.0,1920x1080
3000703,desktop,Windows,Found,,Windows 10,chrome 63.0,1920x1080
3000704,desktop,Windows,Found,,Windows 10,chrome 63.0,1920x1080
3000705,desktop,Windows,Found,,Windows 10,chrome 63.0,1920x1080
3000706,desktop,Windows,Found,,Windows 10,chrome 63.0,1920x1080
3000707,desktop,Windows,Found,,Windows 10,chrome 63.0,1920x1080
3000708,desktop,Windows,Found,,Windows 10,chrome 63.0,1920x1080
3000709,desktop,Windows,Found,,Windows 10,chrome 63.0,1920x1080
3000710,desktop,Windows,Found,,Windows 10,chrome 63.0,1920x1080
3000711,desktop,Windows,Found,,Windows 10,chrome 63.0,1920x1080
3000712,desktop,Windows,Found,,Windows 10,chrome 63.0,1920x1080
3000713,desktop,Windows,Found,,Windows 10,chrome 63.0,1920x1080
3000714,desktop,Windows,Found,,Windows 10,chrome 63.0,1920x1080
3000715,desktop,Windows,Found,,Windows 10,chrome 63.0,1920x1080
3000716,desktop,Windows,Found,,Windows 10,chrome 63.0,1920x1080
3000717,desktop,Windows,Found,,Windows 10,chrome 63.0,1920x1080
3000718,desktop,Windows,Found,,Windows 10,chrome 63.0,1920x1080
3000719,desktop,Windows,Found,,Windows 10,chrome 63.0,1920x1080
3000720,desktop,Windows,Found,,Windows 10,chrome 63.0,1920x1080
3000721,desktop,Windows,Found,,Windows 10,chrome 63.0,1920x1080
3000722,desktop,Windows,Found,,Windows 10,chrome 63.0,1920x1080
3000723,desktop,Windows,Found,,Windows 10,chrome 63.0,1920x1080
3000724,desktop,Windows,Found,,Windows 10,chrome 63.0,1920x1080
3000725,desktop,Windows,Found,,Windows 10,chrome 63.0,1920x1080
3000726,desktop,Windows,Found,,Windows 10,chrome 63.0,1920x1080
3000727,desktop,Windows,Found,,Windows 10,chrome 63.0,1920x1080
3000728,desktop,Windows,Found,,Windows 10,chrome 63.0,1920x1080
3000729,desktop,Windows,Found,,Windows 10,chrome 63.0,1920x1080
3000730,desktop,Windows,Found,,Windows 10,chrome 63.0,1920x1080
3000731,desktop,Windows,Found,,Windows 10,chrome 63.0,1920x1080
3000732,desktop,Windows,Found,,Windows 10,chrome 63.0,1920x1080
3000733,desktop,Windows,Found,,Windows 10,chrome 63.0,1920x1080
3000734,desktop,Windows,Found,,Windows 10,chrome 63.0,1920x1080
3000735,desktop,Windows,Found,,Windows 10,chrome 63.0,1920x1080
3000736,desktop,Windows,Found,,Windows 10,chrome 63.0,1920x1080
3000737,desktop,Windows,Found,,Windows 10,chrome 63.0,1920x1080
3000738,desktop,Windows,Found,,Windows 10,chrome 63.0,1920x1080
3000739,desktop,Windows,Found,,Windows 10,chrome 63.0,1920x1080
3000740,desktop,Windows,Found,,Windows 10,chrome 63.0,1920x1080
3000741,desktop,Windows,Found,,Windows 10,chrome 63.0,1920x1080
3000742,desktop,Windows,Found,,Windows 10,chrome 63.0,1920x1080
3000743,desktop,Windows,Found,,Windows 10,chrome 63.0,1920x1080
3000744,desktop,Windows,Found,,Windows 10,chrome 63.0,1920x1080
3000745,desktop,Windows,Found,,Windows 10,chrome 63.0,1920x1080
3000746,desktop,Windows,Found,,Windows 10,chrome 63.0,1920x1080
3000747,desktop,Windows,Found,,Windows 10,chrome 63.0,1920x1080
3000748,desktop,Windows,Found,,Windows 10,chrome 63.0,1920x1080
3000749,desktop,Windows,Found,,Windows 10,chrome 63.0,1920x1080
3000750,desktop,Windows,Found,,Windows 10,chrome 63.0,1920x1080
3000751,desktop,Windows,Found,,Windows 10,chrome 63.0,1920x1080
3000752,desktop,Windows,Found,,Windows 10,chrome 63.0,1920x1080
3000753,desktop,Windows,Found,,Windows 10,chrome 63.0,1920x1080
3000754,desktop,Windows,Found,,Windows 10,chrome 63.0,1920x1080
3000755,desktop,Windows,Found,,Windows 10,chrome 63.0,1920x1080
3000756,desktop,Windows,Found,,Windows 10,chrome 63.0,1920x1080
3000757,desktop,Windows,Found,,Windows 10,chrome 63.0,1920x1080
3000758,desktop,Windows,New,,Windows 10,chrome 63.0,1920x1080
3000759,desktop,Windows,Found,,Windows 10,chrome 63.0,1920x1080
3000760,desktop,Windows,Found,,Windows 10,chrome 63.0,1920x1080
3000761,desktop,Windows,Found,,Windows 10,chrome 63.0,1920x1080
3000762,desktop,Windows,Found,,Windows 10,chrome 63.0,1920x1080
3000763,desktop,Windows,Found,,Windows 10,chrome 63.0,1920x1080
3000764,desktop,Windows,Found,,Windows 10,chrome 63.0,1920x1080
3000765,desktop,Windows,Found,,Windows 10,chrome 63.0,1920x1080
3000766,desktop,Windows,Found,,Windows 10,chrome 63.0,1920x1080
3000767,desktop,Windows,Found,,Windows 10,chrome 63.0,1920x1080
3000768,desktop,Windows,Found,,Windows 10,chrome 63.0,1920x1080
3000769,desktop,Windows,Found,,Windows 10,chrome 63.0,1920x1080
3000770,desktop,Windows,Found,,Windows 10,chrome 63.0,1920x1080
3000771,desktop,Windows,Found,,Windows 10,chrome 63.0,1920x1080
3000772,desktop,Windows,Found,,Windows 10,chrome 63.0,1920x1080
3000773,desktop,Windows,Found,,Windows 10,chrome 63.0,1920x1080
3000774,desktop,Windows,Found,,Windows 10,chrome 63.0,1920x1080
3000775,desktop,Windows,Found,,Windows 10,chrome 63.0,1920x1080
3000776,desktop,Windows,Found,,Windows 10,chrome 63.0,1920x1080
3000777,desktop,Windows,Found,,Windows 10,chrome 63.0,1920x1080
3000778,desktop,Windows,Found,,Windows 10,chrome 63.0,1920x1080
3000779,desktop,Windows,Found,,Windows 10,chrome 63.0,1920x1080
3000780,desktop,Windows,Found,,Windows 10,chrome 63.0,1920x1080
3000781,desktop,Windows,Found,,Windows 10,chrome 63.0,1920x1080
3000782,desktop,Windows,Found,,Windows 10,chrome 63.0,1920x1080
3000783,desktop,Windows,Found,,Windows 10,chrome 63.0,1920x1080
3000784,desktop,Windows,Found,,Windows 10,chrome 63.0,1920x1080
3000785,desktop,Windows,Found,,Windows 10,chrome 63.0,1920x1080
3000786,desktop,Windows,Found,,Windows 10,chrome 63.0,1920x1080
3000787,desktop,Windows,Found,,Windows 10,chrome 63.0,1920x1080
3000788,desktop,Windows,Found,,Windows 10,chrome 63.0,1920x1080
3000789,desktop,Windows,Found,,Windows 10,chrome 63.0,1920x1080
3000790,desktop,Windows,Found,,Windows 10,chrome 63.0,1920x1080
3000791,desktop,Windows,Found,,Windows 10,chrome 63.0,1920x1080
3000792,desktop,Windows,Found,,Windows 10,chrome 63.0,1920x1080
3000793,desktop,Windows,Found,,Windows 10,chrome 63.0,1920x1080
3000837,desktop,Windows,Found,,Windows 10,chrome 63.0,1920x1080
3000838,desktop,Windows,Found,,Windows 10,chrome 63.0,1920x1080
3000839,desktop,Windows,Found,,Windows 10,chrome 63.0,1920x1080
3000840,desktop,Windows,Found,,Windows 10,chrome 63.0,1920x1080
3000841,desktop,Windows,Found,,Windows 10,chrome 63.0,1920x1080
3000842,desktop,Windows,Found,,Windows 10,chrome 63.0,1920x1080
3000843,desktop,Windows,Found,,Windows 10,chrome 63.0,1920x1080
3000844,desktop,Windows,Found,,Windows 10,chrome 63.0,1920x1080
3000845,desktop,Windows,Found,,Windows 10,chrome 63.0,1920x1080
3000846,desktop,Windows,Found,,Windows 10,chrome 63.0,1920x1080
3000847,desktop,Windows,Found,,Windows 10,chrome 63.0,1920x1080
3000848,desktop,Windows,Found,,Windows 10,chrome 63.0,1920x1080
3000849,desktop,Windows,Found,,Windows 10,chrome 63.0,1920x1080
3000850,desktop,Windows,Found,,Windows 10,chrome 63.0,1920x1080
3000851,desktop,Windows,Found,,Windows 10,chrome 63.0,1920x1080
3000852,desktop,Windows,Found,,Windows 10,chrome 63.0,1920x1080
3000853,desktop,Windows,Found,,Windows 10,chrome 63.0,1920x1080
3000854,desktop,Windows,Found,,Windows 10,chrome 63.0,1920x1080
3000855,desktop,Windows,Found,,Windows 10,chrome 63.0,1920x1080
3000856,desktop,Windows,Found,,Windows 10,chrome 63.0,1920x1080
3000857,desktop,Windows,Found,,Windows 10,chrome 63.0,1920x1080
3000858,desktop,Windows,Found,,Windows 10,chrome 63.0,1920x1080
3000859,desktop,Windows,Found,,Windows 10,chrome 63.0,1920x1080
3000860,desktop,Windows,Found,,Windows 10,chrome 63.0,1920x1080
3000861,desktop,Windows,Found,,Windows 10,chrome 63.0,1920x1080
3000862,desktop,Windows,Found,,Windows 10,chrome 63.0,1920x1080
3000863,desktop,Windows,Found,,Windows 10,chrome 63.0,1920x1080
3000864,desktop,Windows,Found,,Windows 10,chrome 63.0,1920x1080
3000865,desktop,Windows,Found,,Windows 10,chrome 63.0,1920x1080
3000866,desktop,Windows,Found,,Windows 10,chrome 63.0,1920x1080
3000867,desktop,Windows,Found,,Windows 10,chrome 63.0,1920x1080
3000868,desktop,Windows,Found,,Windows 10,chrome 63.0,1920x1080
3000869,desktop,Windows,Found,,Windows 10,chrome 63.0,1920x1080
3000870,desktop,Windows,Found,,Windows 10,chrome 63.0,1920x1080
3000871,desktop,Windows,Found,,Windows 10,chrome 63.0,1920x1080
3000872,desktop,Windows,Found,,Windows 10,chrome 63.0,1920x1080
3000873,desktop,Windows,Found,,Windows 10,chrome 63.0,1920x1080
3000874,desktop,Windows,Found,,Windows 10,chrome 63.0,1920x1080
3000875,desktop,Windows,Found,,Windows 10,chrome 63.0,1920x1080
3000876,desktop,Windows,Found,,Windows 10,chrome 63.0,1920x1080
3000877,desktop,Windows,Found,,Windows 10,chrome 63.0,1920x1080
3000878,desktop,Windows,Found,,Windows 10,chrome 63.0,1920x1080
3000879,desktop,Windows,Found,,Windows 10,chrome 63.0,1920x1080
3000880,desktop,Windows,Found,,Windows 10,chrome 63.0,1920x1080
3000881,desktop,Windows,Found,,Windows 10,chrome 63.0,1920x1080
3000882,desktop,Windows,Found,,Windows 10,chrome 63.0,1920x1080
3000883,desktop,Windows,Found,,Windows 10,chrome 63.0,1920x1080
3000884,desktop,Windows,Found,,Windows 10,chrome 63.0,1920x1080
3000885,desktop,Windows,Found,,Windows 10,chrome 63.0,1920x1080
3000886,desktop,Windows,Found,,Windows 10,chrome 63.0,1920x1080
3000887,desktop,Windows,Found,,Windows 10,chrome 63.0,1920x1080
3000888,desktop,Windows,Found,,Windows 10,chrome 63.0,1920x1080
3000889,desktop,Windows,Found,,Windows 10,chrome 63.0,1920x1080
3000890,desktop,Windows,Found,,Windows 10,chrome 63.0,1920x1080
3000891,desktop,Windows,Found,,Windows 10,chrome 63.0,1920x1080
3000892,desktop,Windows,Found,,Windows 10,chrome 63.0,1920x1080
3000893,desktop,Windows,Found,,Windows 10,chrome 63.0,1920x1080
3000894,desktop,Windows,Found,,Windows 10,chrome 63.0,1920x1080
3000895,desktop,Windows,Found,,Windows 10,chrome 63.0,1920x1080
3000896,desktop,Windows,Found,,Windows 10,chrome 63.0,1920x1080
3000897,mobile,SM-G930V Build/NRD90M,New,ANONYMOUS,Android 7.0,chrome 62.0 for android,1440x2560
3000898,desktop,Windows,Found,,Windows 10,chrome 63.0,1920x1080
3000899,desktop,Windows,Found,,Windows 10,chrome 63.0,1920x1080
3000900,desktop,Windows,Found,,Windows 10,chrome 63.0,1920x1080
3000901,desktop,Windows,Found,,Windows 10,chrome 63.0,1920x1080
3000902,desktop,Windows,Found,,Windows 10,chrome 63.0,1920x1080
3000903,desktop,Windows,Found,,Windows 10,chrome 63.0,1920x1080
3000904,desktop,Windows,Found,,Windows 10,chrome 63.0,1920x1080
3000905,desktop,Windows,Found,,Windows 10,chrome 63.0,1920x1080
3000906,desktop,Windows,Found,,Windows 10,chrome 63.0,1920x1080
3000907,desktop,Windows,Found,,Windows 10,chrome 63.0,1920x1080
3000908,desktop,Windows,Found,,Windows 10,chrome 63.0,1920x1080
3000909,desktop,Windows,Found,,Windows 10,chrome 63.0,1920x1080
3000910,desktop,Windows,Found,,Windows 10,chrome 63.0,1920x1080
3000911,desktop,Windows,Found,,Windows 10,chrome 63.0,1920x1080
3000912,desktop,Windows,Found,,Windows 10,chrome 63.0,1920x1080
3000913,desktop,Windows,Found,,Windows 10,chrome 63.0,1920x1080
3000914,desktop,Windows,Found,,Windows 10,chrome 63.0,1920x1080
3000915,desktop,Windows,Found,,Windows 10,chrome 63.0,1920x1080
3000916,desktop,Windows,Found,,Windows 10,chrome 63.0,1920x1080
3000917,desktop,Windows,Found,,Windows 10,chrome 63.0,1920x1080
3000918,desktop,Windows,Found,,Windows 10,chrome 63.0,1920x1080
3000919,desktop,Windows,Found,,Windows 10,chrome 63.0,1920x1080
3000920,desktop,Windows,Found,,Windows 10,chrome 63.0,1920x1080
3000921,desktop,Windows,Found,,Windows 10,chrome 63.0,1920x1080
3000922,desktop,Windows,Found,,Windows 10,chrome 63.0,1920x1080
3000923,desktop,Windows,Found,,Windows 10,chrome 63.0,1920x1080
3000924,desktop,Windows,Found,,Windows 10,chrome 63.0,1920x1080
3000925,desktop,Windows,Found,,Windows 10,chrome 63.0,1920x1080
3000926,desktop,Windows,Found,,Windows 10,chrome 63.0,1920x1080
3000927,desktop,Windows,Found,,Windows 10,chrome 63.0,1920x1080
3000928,desktop,Windows,Found,,Windows 10,chrome 63.0,1920x1080
3000929,desktop,Windows,Found,,Windows 10,chrome 63.0,1920x1080
3000930,desktop,Windows,Found,,Windows 10,chrome 63.0,1920x1080
3000931,desktop,Windows,Found,,Windows 10,chrome 63.0,1920x1080
3000932,desktop,Windows,Found,,Windows 10,chrome 63.0,1920x1080
3000933,desktop,Windows,Found,,Windows 10,chrome 63.0,1920x1080
3000934,desktop,Windows,Found,,Windows 10,chrome 63.0,1920x1080
3000935,desktop,Windows,Found,,Windows 10,chrome 63.0,1920x1080
3000936,desktop,Windows,Found,,Windows 10,chrome 63.0,1920x1080
3000937,desktop,Windows,Found,,Windows 10,chrome 63.0,1920x1080
3000938,desktop,Windows,Found,,Windows 10,chrome 63.0,1920x1080
3000939,desktop,Windows,Found,,Windows 10,chrome 63.0,1920x1080
3000940,desktop,Windows,Found,,Windows 10,chrome 63.0,1920x1080
3000941,desktop,Windows,Found,,Windows 10,chrome 63.0,1920x1080
3000942,desktop,Windows,Found,,Windows 10,chrome 63.0,1920x1080
3000943,desktop,Windows,Found,,Windows 10,chrome 63.0,1920x1080
3000944,desktop,Windows,Found,,Windows 10,chrome 63.0,1920x1080
3000945,desktop,Windows,Found,,Windows 10,chrome 63.0,1920x1080
3000946,desktop,Windows,Found,,Windows 10,chrome 63.0,1920x1080
3000947,desktop,Windows,Found,,Windows 10,chrome 63.0,1920x1080
3000948,desktop,Windows,Found,,Windows 10,chrome 63.0,1920x1080
3000949,desktop,Windows,Found,,Windows 10,chrome 63.0,1920x1080
3000950,desktop,Windows,Found,,Windows 10,chrome 63.0,1920x1080
3000951,desktop,Windows,Found,,Windows 10,chrome 63.0,1920x1080
3000952,desktop,Windows,Found,,Windows 10,chrome 63.0,1920x1080
3000953,desktop,Windows,Found,,Windows 10,chrome 63.0,1920x1080
3000954,desktop,Windows,Found,,Windows 10,chrome 63.0,1920x1080
3000955,desktop,Windows,Found,,Windows 10,chrome 63.0,1920x1080
3000956,desktop,Windows,New,,Windows 10,chrome 63.0,1920x1080
3000957,desktop,Windows,Found,,Windows 10,chrome 63.0,1920x1080
3000958,desktop,Windows,Found,,Windows 10,chrome 63.0,1920x1080
3000959,desktop,Windows,Found,,Windows 10,chrome 63.0,1920x1080
3000960,desktop,Windows,Found,,Windows 10,chrome 63.0,1920x1080
3000961,desktop,Windows,Found,,Windows 10,chrome 63.0,1920x1080
3000962,desktop,Windows,Found,,Windows 10,chrome 63.0,1920x1080
3000963,desktop,Windows,Found,,Windows 10,chrome 63.0,1920x1080
3000964,desktop,Windows,Found,,Windows 10,chrome 63.0,1920x1080
3000965,desktop,Windows,Found,,Windows 10,chrome 63.0,1920x1080
3000966,desktop,Windows,Found,,Windows 10,chrome 63.0,1920x1080
3000967,desktop,Windows,Found,,Windows 10,chrome 63.0,1920x1080
3000968,desktop,Windows,Found,,Windows 10,chrome 63.0,1920x1080
3000969,desktop,Windows,Found,,Windows 10,chrome 63.0,1920x1080
3000970,desktop,Windows,Found,,Windows 10,chrome 63.0,1920x1080
3000971,desktop,Windows,Found,,Windows 10,chrome 63.0,1920x1080
3000972,desktop,Windows,Found,,Windows 10,chrome 63.0,1920x1080
3000973,desktop,Windows,Found,,Windows 10,chrome 63.0,1920x1080
3000974,desktop,Windows,Found,,Windows 10,chrome 63.0,1920x1080
3000975,desktop,Windows,Found,,Windows 10,chrome 63.0,1920x1080
3000976,desktop,Windows,Found,,Windows 10,chrome 63.0,1920x1080
3000977,desktop,Windows,Found,,Windows 10,chrome 63.0,1920x1080
3000978,desktop,Windows,Found,,Windows 10,chrome 63.0,1920x1080
3000979,desktop,Windows,Found,,Windows 10,chrome 63.0,1920x1080
3000980,desktop,Windows,Found,,Windows 10,chrome 63.0,1920x1080
3000981,desktop,Windows,Found,,Windows 10,chrome 63.0,1920x1080
3000982,desktop,Windows,Found,,Windows 10,chrome 63.0,1920x1080
3000983,desktop,Windows,Found,,Windows 10,chrome 63.0,1920x1080
3000984,desktop,Windows,Found,,Windows 10,chrome 63.0,1920x1080
3000985,desktop,Windows,Found,,Windows 10,chrome 63.0,1920x1080
3000986,desktop,Windows,Found,,Windows 10,chrome 63.0,1920x1080
3000987,desktop,Windows,Found,,Windows 10,chrome 63.0,1920x1080
3000988,desktop,Windows,Found,,Windows 10,chrome 63.0,1920x1080
3000989,desktop,Windows,Found,,Windows 10,chrome 63.0,1920x1080
3000990,desktop,Windows,Found,,Windows 10,chrome 63.0,1920x1080
3000991,desktop,Windows,Found,,Windows 10,chrome 63.0,1920x1080
3000992,desktop,Windows,Found,,Windows 10,chrome 63.0,1920x1080
3000993,desktop,Windows,Found,,Windows 10,chrome 63.0,1920x1080
3000994,desktop,Windows,Found,,Windows 10,chrome 63.0,1920x1080
3000995,desktop,Windows,Found,,Windows 10,chrome 63.0,1920x1080
3000996,desktop,Windows,Found,,Windows 10,chrome 63.0,1920x1080
3000997,desktop,Windows,Found,,Windows 10,chrome 63.0,1920x1080
3000998,desktop,Windows,Found,,Windows 10,chrome 63.0,1920x1080
3000999,desktop,Windows,Found,,Windows 10,chrome 63.0,1920x1080
3001000,desktop,Windows,Found,,Windows 10,chrome 63.0,1920x1080
3001001,desktop,Windows,Found,,Windows 10,chrome 63.0,1920x1080
3001002,desktop,Windows,Found,,Windows 10,chrome 63.0,1920x1080
3001003,desktop,Windows,Found,,Windows 10,chrome 63.0,1920x1080
3001004,desktop,Windows,Found,,Windows 10,chrome 63.0,1920x1080
3001005,desktop,Windows,Found,,Windows 10,chrome 63.0,1920x1080
3001006,desktop,Windows,Found,,Windows 10,chrome 63.0,1920x1080
3001007,desktop,Windows,Found,,Windows 10,chrome 63.0,1920x1080
3001008,desktop,Windows,Found,,Windows 10,chrome 63.0,1920x1080
3001009,desktop,Windows,Found,,Windows 10,chrome 63.0,1920x1080
3001010,desktop,Windows,Found,,Windows 10,chrome 63.0,1920x1080
3001011,desktop,Windows,Found,,Windows 10,chrome 63.0,1920x1080
3001012,desktop,Windows,Found,,Windows 10,chrome 63.0,1920x1080
3001013,desktop,Windows,Found,,Windows 10,chrome 63.0,1920x1080
3001014,desktop,Windows,Found,,Windows 10,chrome 63.0,1920x1080
3001015,desktop,Windows,Found,,Windows 10,chrome 63.0,1920x1080
3001016,desktop,Windows,Found,,Windows 10,chrome 63.0,1920x1080
3001017,desktop,Windows,Found,,Windows 10,chrome 63.0,1920x1080
3001018,desktop,Windows,Found,,Windows 10,chrome 63.0,1920x1080
3001019,desktop,Windows,Found,,Windows 10,chrome 63.0,1920x1080
3001020,desktop,Windows,Found,,Windows 10,chrome 63.0,1920x1080
3001021,desktop,Windows,Found,,Windows 10,chrome 63.0,1920x1080
3001022,desktop,Windows,Found,,Windows 10,chrome 63.0,1920x1080
3001023,desktop,Windows,Found,,Windows 10,chrome 63.0,1920x1080
3001024,desktop,Windows,Found,,Windows 10,chrome 63.0,1920x1080
3001025,desktop,Windows,Found,,Windows 10,chrome 63.0,1920x1080
3001026,desktop,Windows,Found,,Windows 10,chrome 63.0,1920x1080
3001027,desktop,Windows,Found,,Windows 10,chrome 63.0,1920x1080
3001028,desktop,Windows,Found,,Windows 10,chrome 63.0,1920x1080
3001029,desktop,Windows,Found,,Windows 10,chrome 63.0,1920x1080
3001030,desktop,Windows,Found,,Windows 10,chrome 63.0,1920x1080
3001031,desktop,Windows,Found,,Windows 10,chrome 63.0,1920x1080
3001032,desktop,Windows,Found,,Windows 10,chrome 63.0,1920x1080
3001033,desktop,Windows,Found,,Windows 10,chrome 63.0,1920x1080
3001034,desktop,Windows,Found,,Windows 10,chrome 63.0,1920x1080
3001035,desktop,Windows,Found,,Windows 10,chrome 63.0,1920x1080
3001036,desktop,Windows,Found,,Windows 10,chrome 63.0,1920x1080
3001037,desktop,Windows,Found,,Windows 10,chrome 63.0,1920x1080
3001038,desktop,Windows,Found,,Windows 10,chrome 63.0,1920x1080
3001039,desktop,Windows,Found,,Windows 10,chrome 63.0,1920x1080
3001040,desktop,Windows,Found,,Windows 10,chrome 63.0,1920x1080
3001041,desktop,Windows,Found,,Windows 10,chrome 63.0,1920x1080
3001042,desktop,Windows,New,,Windows 10,chrome 63.0,1920x1080
3001103,desktop,Windows,Found,,Windows 10,chrome 63.0,1920x1080
3001104,desktop,Windows,Found,,Windows 10,chrome 63.0,1920x1080
3001105,desktop,Windows,Found,,Windows 10,chrome 63.0,1920x1080
3001106,desktop,Windows,Found,,Windows 10,chrome 63.0,1920x1080
3001107,desktop,Windows,Found,,Windows 10,chrome 63.0,1920x1080
3001108,desktop,Windows,Found,,Windows 10,chrome 63.0,1920x1080
3001109,desktop,Windows,Found,,Windows 10,chrome 63.0,1920x1080
3001110,desktop,Windows,Found,,Windows 10,chrome 63.0,1920x1080
3001111,desktop,Windows,Found,,Windows 10,chrome 63.0,1920x1080
3001112,desktop,Windows,Found,,Windows 10,chrome 63.0,1920x1080
3001113,desktop,Windows,Found,,Windows 10,chrome 63.0,1920x1080
3001114,desktop,Windows,Found,,Windows 10,chrome 63.0,1920x1080
3001115,desktop,Windows,Found,,Windows 10,chrome 63.0,1920x1080
3001116,desktop,Windows,Found,,Windows 10,chrome 63.0,1920x1080
3001117,desktop,Windows,Found,,Windows 10,chrome 63.0,1920x1080
3001118,desktop,Windows,Found,,Windows 10,chrome 63.0,1920x1080
3001119,desktop,Windows,Found,,Windows 10,chrome 63.0,1920x1080
3001120,desktop,Windows,Found,,Windows 10,chrome 63.0,1920x1080
3001121,desktop,Windows,Found,,Windows 10,chrome 63.0,1920x1080
3001122,desktop,Windows,Found,,Windows 10,chrome 63.0,1920x1080
3001123,desktop,Windows,Found,,Windows 10,chrome 63.0,1920x1080
3001124,desktop,Windows,Found,,Windows 10,chrome 63.0,1920x1080
3001125,desktop,Windows,Found,,Windows 10,chrome 63.0,1920x1080
3001126,desktop,Windows,Found,,Windows 10,chrome 63.0,1920x1080
3001127,desktop,Windows,Found,,Windows 10,chrome 63.0,1920x1080
3001128,desktop,Windows,Found,,Windows 10,chrome 63.0,1920x1080
3001129,desktop,Windows,Found,,Windows 10,chrome 63.0,1920x1080
3001130,desktop,Windows,Found,,Windows 10,chrome 63.0,1920x1080
3001131,desktop,Windows,Found,,Windows 10,chrome 63.0,1920x1080
3001132,desktop,Windows,Found,,Windows 10,chrome 63.0,1920x1080
3001133,desktop,Windows,Found,,Windows 10,chrome 63.0,1920x1080
3001134,desktop,Windows,Found,,Windows 10,chrome 63.0,1920x1080
3001135,desktop,Windows,Found,,Windows 10,chrome 63.0,1920x1080
3001136,desktop,Windows,Found,,Windows 10,chrome 63.0,1920x1080
3001137,desktop,Windows,Found,,Windows 10,chrome 63.0,1920x1080
3001138,desktop,Windows,Found,,Windows 10,chrome 63.0,1920x1080
3001139,desktop,Windows,Found,,Windows 10,chrome 63.0,1920x1080
3001140,desktop,Windows,Found,,Windows 10,chrome 63.0,1920x1080
3001141,desktop,Windows,Found,,Windows 10,chrome 63.0,1920x1080
3001142,desktop,Windows,Found,,Windows 10,chrome 63.0,1920x1080
3001143,desktop,Windows,Found,,Windows 10,chrome 63.0,1920x1080
3001144,desktop,Windows,Found,,Windows 10,chrome 63.0,1920x1080
3001145,desktop,Windows,Found,,Windows 10,chrome 63.0,1920x1080
3001146,desktop,Windows,Found,,Windows 10,chrome 63.0,1920x1080
3001147,desktop,Windows,Found,,Windows 10,chrome 63.0,1920x1080
3001148,desktop,Windows,Found,,Windows 10,chrome 63.0,1920x1080
3001149,desktop,Windows,Found,,Windows 10,chrome 63.0,1920x1080
3001150,desktop,Windows,Found,,Windows 10,chrome 63.0,1920x1080
3001151,desktop,Windows,Found,,Windows 10,chrome 63.0,1920x1080
3001152,desktop,Windows,Found,,Windows 10,chrome 63.0,1920x1080
3001153,desktop,Windows,Found,,Windows 10,chrome 63.0,1920x1080
3001154,desktop,Windows,Found,,Windows 10,chrome 63.0,1920x1080
3001155,desktop,Windows,Found,,Windows 10,chrome 63.0,1920x1080
3001156,desktop,Windows,Found,,Windows 10,chrome 63.0,1920x1080
3001157,desktop,Windows,Found,,Windows 10,chrome 63.0,1920x1080
3001158,desktop,Windows,Found,,Windows 10,chrome 63.0,1920x1080
3001159,desktop,Windows,Found,,Windows 10,chrome 63.0,1920x1080
3001160,desktop,Windows,Found,,Windows 10,chrome 63.0,1920x1080
3001161,desktop,Windows,Found,,Windows 10,chrome 63.0,1920x1080
3001162,desktop,Windows,Found,,Windows 10,chrome 63.0,1920x1080
3001163,desktop,Windows,Found,,Windows 10,chrome 63.0,1920x1080
3001164,desktop,Windows,Found,,Windows 10,chrome 63.0,1920x1080
3001165,desktop,Windows,Found,,Windows 10,chrome 63.0,1920x1080
3001166,desktop,Windows,Found,,Windows 10,chrome 63.0,1920x1080
3001167,desktop,Windows,Found,,Windows 10,chrome 63.0,1920x1080
3001168,desktop,Windows,Found,,Windows 10,chrome 63.0,1920x1080
3001169,desktop,Windows,Found,,Windows 10,chrome 63.0,1920x1080
3001170,desktop,Windows,Found,,Windows 10,chrome 63.0,1920x1080
3001171,desktop,Windows,Found,,Windows 10,chrome 63.0,1920x1080
3001172,desktop,Windows,Found,,Windows 10,chrome 63.0,1920x1080
3001173,desktop,Windows,Found,,Windows 10,chrome 63.0,1920x1080
3001174,desktop,Windows,Found,,Windows 10,chrome 63.0,1920x1080
3001175,desktop,Windows,Found,,Windows 10,chrome 63.0,1920x1080
3001176,desktop,Windows,Found,,Windows 10,chrome 63.0,1920x1080
3001177,desktop,Windows,Found,,Windows 10,chrome 63.0,1920x1080
3001178,desktop,Windows,Found,,Windows 10,chrome 63.0,1920x1080
3001179,desktop,Windows,Found,,Windows 10,chrome 63.0,1920x1080
3001180,desktop,Windows,Found,,Windows 10,chrome 63.0,1920x1080
3001181,desktop,Windows,Found,,Windows 10,chrome 63.0,1920x1080
3001182,desktop,Windows,Found,,Windows 10,chrome 63.0,1920x1080
3001183,desktop,Windows,Found,,Windows 10,chrome 63.0,1920x1080
3001184,desktop,Windows,Found,,Windows 10,chrome 63.0,1920x1080
3001185,desktop,Windows,Found,,Windows 10,chrome 63.0,1920x1080
3001186,desktop,Windows,Found,,Windows 10,chrome 63.0,1920x1080
3001187,desktop,Windows,Found,,Windows 10,chrome 63.0,1920x1080
3001188,desktop,Windows,Found,,Windows 10,chrome 63.0,1920x1080
3001189,desktop,Windows,Found,,Windows 10,chrome 63.0,1920x1080
3001190,desktop,Windows,Found,,Windows 10,chrome 63.0,1920x1080
3001191,desktop,Windows,Found,,Windows 10,chrome 63.0,1920x1080
3001192,desktop,Windows,Found,,Windows 10,chrome 63.0,1920x1080
3001193,desktop,Windows,Found,,Windows 10,chrome 63.0,1920x1080
3001194,desktop,Windows,Found,,Windows 10,chrome 63.0,1920x1080
3001195,desktop,Windows,Found,,Windows 10,chrome 63.0,1920x1080
3001196,desktop,Windows,Found,,Windows 10,chrome 63.0,1920x1080
3001197,desktop,Windows,Found,,Windows 10,chrome 63.0,1920x1080
3001198,desktop,Windows,Found,,Windows 10,chrome 63.0,1920x1080
3001199,desktop,Windows,Found,,Windows 10,chrome 63.0,1920x1080
3001200,desktop,Windows,Found,,Windows 10,chrome 63.0,1920x1080
3001201,desktop,Windows,Found,,Windows 10,chrome 63.0,1920x1080
3001202,desktop,Windows,Found,,Windows 10,chrome 63.0,1920x1080
3001203,desktop,Windows,Found,,Windows 10,chrome 63.0,1920x1080
3001204,desktop,Windows,Found,,Windows 10,chrome 63.0,1920x1080
3001205,desktop,Windows,Found,,Windows 10,chrome 63.0,1920x1080
3001206,desktop,Windows,Found,,Windows 10,chrome 63.0,1920x1080
3001207,desktop,Windows,Found,,Windows 10,chrome 63.0,1920x1080
3001208,desktop,Windows,Found,,Windows 10,chrome 63.0,1920x1080
3001209,desktop,Windows,Found,,Windows 10,chrome 63.0,1920x1080
3001210,desktop,Windows,Found,,Windows 10,chrome 63.0,1920x1080
3001211,desktop,Windows,Found,,Windows 10,chrome 63.0,1920x1080
3001212,desktop,Windows,Found,,Windows 10,chrome 63.0,1920x1080
3001213,desktop,Windows,Found,,Windows 10,chrome 63.0,1920x1080
3001214,desktop,Windows,Found,,Windows 10,chrome 63.0,1920x1080
3001215,desktop,Windows,Found,,Windows 10,chrome 63.0,1920x1080
3001216,desktop,Windows,Found,,Windows 10,chrome 63.0,1920x1080
3001217,desktop,Windows,Found,,Windows 10,chrome 63.0,1920x1080
3001218,desktop,Windows,Found,,Windows 10,chrome 63.0,1920x1080
3001219,desktop,Windows,Found,,Windows 10,chrome 63.0,1920x1080
3001220,desktop,Windows,Found,,Windows 10,chrome 63.0,1920x1080
3001221,desktop,Windows,Found,,Windows 10,chrome 63.0,1920x1080
3001222,desktop,Windows,Found,,Windows 10,chrome 63.0,1920x1080
3001223,desktop,Windows,Found,,Windows 10,chrome 63.0,1920x1080
3001224,desktop,Windows,Found,,Windows 10,chrome 63.0,1920x1080
3001225,desktop,Windows,Found,,Windows 10,chrome 63.0,1920x1080
3001226,desktop,Windows,Found,,Windows 10,chrome 63.0,1920x1080
3001227,desktop,Windows,Found,,Windows 10,chrome 63.0,1920x1080
3001228,desktop,Windows,Found,,Windows 10,chrome 63.0,1920x1080
3001229,desktop,Windows,Found,,Windows 10,chrome 63.0,1920x1080
3001230,desktop,Windows,Found,,Windows 10,chrome 63.0,1920x1080
3001231,desktop,Windows,Found,,Windows 10,chrome 63.0,1920x1080
3001232,desktop,Windows,Found,,Windows 10,chrome 63.0,1920x1080
3001233,desktop,Windows,Found,,Windows 10,chrome 63.0,1920x1080
3001234,desktop,Windows,Found,,Windows 10,chrome 63.0,1920x1080
3001235,desktop,Windows,Found,,Windows 10,chrome 63.0,1920x1080
3001236,desktop,Windows,Found,,Windows 10,chrome 63.0,1920x1080
3001237,desktop,Windows,Found,,Windows 10,chrome 63.0,1920x1080
3001238,desktop,Windows,Found,,Windows 10,chrome 63.0,1920x1080
3001239,desktop,Windows,Found,,Windows 10,chrome 63.0,1920x1080
3001240,desktop,Windows,Found,,Windows 10,chrome 63.0,1920x1080
3001241,desktop,Windows,Found,,Windows 10,chrome 63.0,1920x1080
3001242,desktop,Windows,Found,,Windows 10,chrome 63.0,1920x1080
3001243,desktop,Windows,Found,,Windows 10,chrome 63.0,1920x1080
3001244,desktop,Windows,Found,,Windows 10,chrome 63.0,1920x1080
3001245,mobile,SM-G930V Build/NRD90M,New,,Android 7.0,chrome 62.0 for android,1440x2560
3001246,mobile,SM-G930V Build/NRD90M,New,,Android 7.0,chrome 62.0 for android,1440x2560
3001247,mobile,SM-G930V Build/NRD90M,New,,Android 7.0,chrome 62.0 for android,1440x2560
3001248,mobile,SM-G930V Build/NRD90M,New,,Android 7.0,chrome 62.0 for android,1440x2560
3001249,mobile,SM-G930V Build/NRD90M,New,,Android 7.0,chrome 62.0 for android,1440x2560
3001250,desktop,Windows,Found,,Windows 10,chrome 63.0,1920x1080
3001251,desktop,Windows,Found,,Windows 10,chrome 63.0,1920x1080
3001252,desktop,Windows,Found,,Windows 10,chrome 63.0,1920x1080
3001253,desktop,Windows,Found,,Windows 10,chrome 63.0,1920x1080
3001254,desktop,Windows,Found,,Windows 10,chrome 63.0,1920x1080
3001255,desktop,Windows,Found,,Windows 10,chrome 63.0,1920x1080
3001256,desktop,Windows,Found,,Windows 10,chrome 63.0,1920x1080
3001257,desktop,Windows,Found,,Windows 10,chrome 63.0,1920x1080
3001258,desktop,Windows,Found,,Windows 10,chrome 63.0,1920x1080
3001259,desktop,Windows,Found,,Windows 10,chrome 63.0,1920x1080
3001260,desktop,Windows,Found,,Windows 10,chrome 63.0,1920x1080
3001261,desktop,Windows,Found,,Windows 10,chrome 63.0,1920x1080
3001262,desktop,Windows,Found,,Windows 10,chrome 63.0,1920x1080
3001263,desktop,Windows,Found,,Windows 10,chrome 63.0,1920x1080
3001264,desktop,Windows,Found,,Windows 10,chrome 63.0,1920x1080
3001265,desktop,Windows,Found,,Windows 10,chrome 63.0,1920x1080
3001266,desktop,Windows,Found,,Windows 10,chrome 63.0,1920x1080
3001267,desktop,Windows,Found,,Windows 10,chrome 63.0,1920x1080
3001268,desktop,Windows,Found,,Windows 10,chrome 63.0,1920x1080
3001269,desktop,Windows,Found,,Windows 10,chrome 63.0,1920x1080
3001270,desktop,Windows,Found,,Windows 10,chrome 63.0,1920x1080
3001271,desktop,Windows,Found,,Windows 10,chrome 63.0,1920x1080
3001272,desktop,Windows,Found,,Windows 10,chrome 63.0,1920x1080
3001273,desktop,Windows,Found,,Windows 10,chrome 63.0,1920x1080
3001274,desktop,Windows,Found,,Windows 10,chrome 63.0,1920x1080
3001275,desktop,Windows,Found,,Windows 10,chrome 63.0,1920x1080
3001276,desktop,Windows,Found,,Windows 10,chrome 63.0,1920x1080
3001277,desktop,Windows,Found,,Windows 10,chrome 63.0,1920x1080
3001278,desktop,Windows,Found,,Windows 10,chrome 63.0,1920x1080
3001279,desktop,Windows,Found,,Windows 10,chrome 63.0,1920x1080
3001280,desktop,Windows,Found,,Windows 10,chrome 63.0,1920x1080
3001281,desktop,Windows,Found,,Windows 10,chrome 63.0,1920x1080
3001282,desktop,Windows,Found,,Windows 10,chrome 63.0,1920x1080
3001283,desktop,Windows,Found,,Windows 10,chrome 63.0,1920x1080
3001284,desktop,Windows,Found,,Windows 10,chrome 63.0,1920x1080
3001285,desktop,Windows,Found,,Windows 10,chrome 63.0,1920x1080
3001286,desktop,Windows,Found,,Windows 10,chrome 63.0,1920x1080
3001287,desktop,Windows,Found,,Windows 10,chrome 63.0,1920x1080
3001288,desktop,Windows,Found,,Windows 10,chrome 63.0,1920x1080
3001289,desktop,Windows,Found,,Windows 10,chrome 63.0,1920x1080
3001290,desktop,Windows,Found,,Windows 10,chrome 63.0,1920x1080
3001291,desktop,Windows,Found,,Windows 10,chrome 63.0,1920x1080
3001292,desktop,Windows,Found,,Windows 10,chrome 63.0,1920x1080
3001293,desktop,Windows,Found,,Windows 10,chrome 63.0,1920x1080
3001294,desktop,Windows,Found,,Windows 10,chrome 63.0,1920x1080
3001295,desktop,Windows,Found,,Windows 10,chrome 63.0,1920x1080
3001296,desktop,Windows,Found,,Windows 10,chrome 63.0,1920x1080
3001297,desktop,Windows,Found,,Windows 10,chrome 63.0,1920x1080
3001298,desktop,Windows,Found,,Windows 10,chrome 63.0,1920x1080
3001299,desktop,Windows,Found,,Windows 10,chrome 63.0,1920x1080
3001300,desktop,Windows,Found,,Windows 10,chrome 63.0,1920x1080
3001301,desktop,Windows,Found,,Windows 10,chrome 63.0,1920x1080
3001302,desktop,Windows,Found,,Windows 10,chrome 63.0,1920x1080
3001303,desktop,Windows,Found,,Windows 10,chrome 63.0,1920x1080
3001304,desktop,Windows,Found,,Windows 10,chrome 63.0,1920x1080
3001305,desktop,Windows,Found,,Windows 10,chrome 63.0,1920x1080
3001306,desktop,Windows,Found,,Windows 10,chrome 63.0,1920x1080
3001307,desktop,Windows,Found,,Windows 10,chrome 63.0,1920x1080
3001308,desktop,Windows,Found,,Windows 10,chrome 63.0,1920x1080
3001309,desktop,Windows,Found,,Windows 10,chrome 63.0,1920x1080
3001310,desktop,Windows,Found,,Windows 10,chrome 63.0,1920x1080
3001311,desktop,Windows,Found,,Windows 10,chrome 63.0,1920x1080
3001312,desktop,Windows,Found,,Windows 10,chrome 63.0,1920x1080
3001313,desktop,Windows,Found,,Windows 10,chrome 63.0,1920x1080
3001314,desktop,Windows,Found,,Windows 10,chrome 63.0,1920x1080
3001315,desktop,Windows,Found,,Windows 10,chrome 63.0,1920x1080
3001316,desktop,Windows,Found,,Windows 10,chrome 63.0,1920x1080
3001317,desktop,Windows,Found,,Windows 10,chrome 63.0,1920x1080
3001318,desktop,Windows,Found,,Windows 10,chrome 63.0,1920x1080
3001319,desktop,Windows,Found,,Windows 10,chrome 63.0,1920x1080
3001320,desktop,Windows,Found,,Windows 10,chrome 63.0,1920x1080
3001321,desktop,Windows,Found,,Windows 10,chrome 63.0,1920x1080
3001322,desktop,Windows,Found,,Windows 10,chrome 63.0,1920x1080
3001323,desktop,Windows,Found,,Windows 10,chrome 63.0,1920x1080
3001324,desktop,Windows,Found,,Windows 10,chrome 63.0,1920x1080
3001325,desktop,Windows,Found,,Windows 10,chrome 63.0,1920x1080
3001326,desktop,Windows,Found,,Windows 10,chrome 63.0,1920x1080
3001327,desktop,Windows,Found,,Windows 10,chrome 63.0,1920x1080
3001328,desktop,Windows,Found,,Windows 10,chrome 63.0,1920x1080
3001329,desktop,Windows,Found,,Windows 10,chrome 63.0,1920x1080
3001330,desktop,Windows,Found,,Windows 10,chrome 63.0,1920x1080
3001331,desktop,Windows,Found,,Windows 10,chrome 63.0,1920x1080
3001332,desktop,Windows,Found,,Windows 10,chrome 63.0,1920x1080
3001333,desktop,Windows,Found,,Windows 10,chrome 63.0,1920x1080
3001334,desktop,Windows,Found,,Windows 10,chrome 63.0,1920x1080
3001335,desktop,Windows,Found,,Windows 10,chrome 63.0,1920x1080
3001336,desktop,Windows,Found,,Windows 10,chrome 63.0,1920x1080
3001337,desktop,Windows,Found,,Windows 10,chrome 63.0,1920x1080
3001338,desktop,Windows,Found,,Windows 10,chrome 63.0,1920x1080
3001339,desktop,Windows,Found,,Windows 10,chrome 63.0,1920x1080
3001340,desktop,Windows,Found,,Windows 10,chrome 63.0,1920x1080
3001341,desktop,Windows,Found,,Windows 10,chrome 63.0,1920x1080
3001342,desktop,Windows,Found,,Windows 10,chrome 63.0,1920x1080
3001343,desktop,Windows,Found,,Windows 10,chrome 63.0,1920x1080
3001344,desktop,Windows,Found,,Windows 10,chrome 63.0,1920x1080
3001345,desktop,Windows,Found,,Windows 10,chrome 63.0,1920x1080
3001346,desktop,Windows,Found,,Windows 10,chrome 63.0,1920x1080
3001347,desktop,Windows,Found,,Windows 10,chrome 63.0,1920x1080
3001348,desktop,Windows,Found,,Windows 10,chrome 63.0,1920x1080
3001349,desktop,Windows,Found,,Windows 10,chrome 63.0,1920x1080
3001350,desktop,Windows,Found,,Windows 10,chrome 63.0,1920x1080
3001351,desktop,Windows,Found,,Windows 10,chrome 63.0,1920x1080
3001352,desktop,Windows,Found,,Windows 10,chrome 63.0,1920x1080
3001353,desktop,Windows,Found,,Windows 10,chrome 63.0,1920x1080
3001354,desktop,Windows,Found,,Windows 10,chrome 63.0,1920x1080
3001355,desktop,Windows,Found,,Windows 10,chrome 63.0,1920x1080
3001356,desktop,Windows,Found,,Windows 10,chrome 63.0,1920x1080
3001357,desktop,Windows,Found,,Windows 10,chrome 63.0,1920x1080
3001358,desktop,Windows,Found,,Windows 10,chrome 63.0,1920x1080
3001359,desktop,Windows,Found,,Windows 10,chrome 63.0,1920x1080
3001360,desktop,Windows,Found,,Windows 10,chrome 63.0,1920x1080
3001361,desktop,Windows,Found,,Windows 10,chrome 63.0,1920x1080
3001362,desktop,Windows,Found,,Windows 10,chrome 63.0,1920x1080
3001363,desktop,Windows,Found,,Windows 10,chrome 63.0,1920x1080
3001364,desktop,Windows,Found,,Windows 10,chrome 63.0,1920x1080
3001365,desktop,Windows,Found,,Windows 10,chrome 63.0,1920x1080
3001366,desktop,Windows,Found,,Windows 10,chrome 63.0,1920x1080
3001367,desktop,Windows,Found,,Windows 10,chrome 63.0,1920x1080
3001368,desktop,Windows,Found,,Windows 10,chrome 63.0,1920x1080
3001369,desktop,Windows,Found,,Windows 10,chrome 63.0,1920x1080
3001370,desktop,Windows,Found,,Windows 10,chrome 63.0,1920x1080
3001371,desktop,Windows,Found,,Windows 10,chrome 63.0,1920x1080
3001372,desktop,Windows,Found,,Windows 10,chrome 63.0,1920x1080
3001373,desktop,Windows,Found,,Windows 10,chrome 63.0,1920x1080
3001374,desktop,Windows,Found,,Windows 10,chrome 63.0,1920x1080
3001375,desktop,Windows,Found,,Windows 10,chrome 63.0,1920x1080
3001376,desktop,Windows,Found,,Windows 10,chrome 63.0,1920x1080
3001377,desktop,Windows,Found,,Windows 10,chrome 63.0,1920x1080
3001378,desktop,Windows,Found,,Windows 10,chrome 63.0,1920x1080
3001379,desktop,Windows,Found,,Windows 10,chrome 63.0,1920x1080
3001380,desktop,Windows,Found,,Windows 10,chrome 63.0,1920x1080
3001381,desktop,Windows,Found,,Windows 10,chrome 63.0,1920x1080
3001382,desktop,Windows,Found,,Windows 10,chrome 63.0,1920x1080
3001383,desktop,Windows,Found,,Windows 10,chrome 63.0,1920x1080
3001384,desktop,Windows,Found,,Windows 10,chrome 63.0,1920x1080
3001385,desktop,Windows,Found,,Windows 10,chrome 63.0,1920x1080
3001386,desktop,Windows,Found,,Windows 10,chrome 63.0,1920x1080
3001387,desktop,Windows,Found,,Windows 10,chrome 63.0,1920x1080
3001388,desktop,Windows,Found,,Windows 10,chrome 63.0,1920x1080
3001389,desktop,Windows,Found,,Windows 10,chrome 63.0,1920x1080
3001390,desktop,Windows,Found,,Windows 10,chrome 63.0,1920x1080
3001391,desktop,Windows,Found,,Windows 10,chrome 63.0,1920x1080
3001392,desktop,Windows,Found,,Windows 10,chrome 63.0,1920x1080
3001393,desktop,Windows,Found,,Windows 10,chrome 63.0,1920x1080
3001394,desktop,Windows,Found,,Windows 10,chrome 63.0,1920x1080
3001395,desktop,Windows,Found,,Windows 10,chrome 63.0,1920x1080
3001396,desktop,Windows,Found,,Windows 10,chrome 63.0,1920x1080
3001397,desktop,Windows,Found,,Windows 10,chrome 63.0,1920x1080
3001398,desktop,Windows,Found,,Windows 10,chrome 63.0,1920x1080
3001399,desktop,Windows,Found,,Windows 10,chrome 63.0,1920x1080
3001400,desktop,Windows,Found,,Windows 10,chrome 63.0,1920x1080
3001401,desktop,Windows,Found,,Windows 10,chrome 63.0,1920x1080
3001402,desktop,Windows,Found,,Windows 10,chrome 63.0,1920x1080
3001403,desktop,Windows,Found,,Windows 10,chrome 63.0,1920x1080
3001404,desktop,Windows,Found,,Windows 10,chrome 63.0,1920x1080
3001405,desktop,Windows,Found,,Windows 10,chrome 63.0,1920x1080
3001406,desktop,Windows,Found,,Windows 10,chrome 63.0,1920x1080
3001407,desktop,Windows,Found,,Windows 10,chrome 63.0,1920x1080
3001408,desktop,Windows,Found,,Windows 10,chrome 63.0,1920x1080
3001409,desktop,Windows,Found,,Windows 10,chrome 63.0,1920x1080
3001410,desktop,Windows,Found,,Windows 10,chrome 63.0,1920x1080
3001411,desktop,Windows,Found,,Windows 10,chrome 63.0,1920x1080
3001412,desktop,Windows,Found,,Windows 10,chrome 63.0,1920x1080
3001413,desktop,Windows,Found,,Windows 10,chrome 63.0,1920x1080
3001414,desktop,Windows,Found,,Windows 10,chrome 63.0,1920x1080
3001415,desktop,Windows,Found,,Windows 10,chrome 63.0,1920x1080
3001416,desktop,Windows,Found,,Windows 10,chrome 63.0,1920x1080
3001417,desktop,Windows,Found,,Windows 10,chrome 63.0,1920x1080
3001418,desktop,Windows,Found,,Windows 10,chrome 63.0,1920x1080
3001419,desktop,Windows,Found,,Windows 10,chrome 63.0,1920x1080
3001420,desktop,Windows,Found,,Windows 10,chrome 63.0,1920x1080
3001421,desktop,Windows,Found,,Windows 10,chrome 63.0,1920x1080
3001422,desktop,Windows,Found,,Windows 10,chrome 63.0,1920x1080
3001423,desktop,Windows,Found,,Windows 10,chrome 63.0,1920x1080
3001424,desktop,Windows,Found,,Windows 10,chrome 63.0,1920x1080
3001425,desktop,Windows,Found,,Windows 10,chrome 63.0,1920x1080
3001426,desktop,Windows,Found,,Windows 10,chrome 63.0,1920x1080
3001427,desktop,Windows,Found,,Windows 10,chrome 63.0,1920x1080
3001428,desktop,Windows,Found,,Windows 10,chrome 63.0,1920x1080
3001429,desktop,Windows,Found,,Windows 10,chrome 63.0,1920x1080
3001430,desktop,Windows,Found,,Windows 10,chrome 63.0,1920x1080
3001431,desktop,Windows,Found,,Windows 10,chrome 63.0,1920x1080
3001432,desktop,Windows,Found,,Windows 10,chrome 63.0,1920x1080
3001433,desktop,Windows,Found,,Windows 10,chrome 63.0,1920x1080
3001434,desktop,Windows,Found,,Windows 10,chrome 63.0,1920x1080
3001435,desktop,Windows,Found,,Windows 10,chrome 63.0,1920x1080
3001436,desktop,Windows,Found,,Windows 10,chrome 63.0,1920x1080
3001437,desktop,Windows,Found,,Windows 10,chrome 63.0,1920x1080
3001438,desktop,Windows,Found,,Windows 10,chrome 63.0,1920x1080
3001439,desktop,Windows,Found,,Windows 10,chrome 63.0,1920x1080
3001440,desktop,Windows,Found,,Windows 10,chrome 63.0,1920x1080
3001441,desktop,Windows,Found,,Windows 10,chrome 63.0,1920x1080
3001442,desktop,Windows,Found,,Windows 10,chrome 63.0,1920x1080
3001443,desktop,Windows,Found,,Windows 10,chrome 63.0,1920x1080
3001444,desktop,Windows,Found,,Windows 10,chrome 63.0,1920x1080
3001445,desktop,Windows,Found,,Windows 10,chrome 63.0,1920x1080
3001446,desktop,Windows,Found,,Windows 10,chrome 63.0,1920x1080
3001447,desktop,Windows,Found,,Windows 10,chrome 63.0,1920x1080
3001448,desktop,Windows,Found,,Windows 10,chrome 63.0,1920x1080
3001449,desktop,Windows,Found,,Windows 10,chrome 63.0,1920x1080
3001450,desktop,Windows,Found,,Windows 10,chrome 63.0,1920x1080
3001451,desktop,Windows,Found,,Windows 10,chrome 63.0,1920x1080
3001452,desktop,Windows,Found,,Windows 10,chrome 63.0,1920x1080
3001453,desktop,Windows,Found,,Windows 10,chrome 63.0,1920x1080
3001454,desktop,Windows,Found,,Windows 10,chrome 63.0,1920x1080
3001455,desktop,Windows,Found,,Windows 10,chrome 63.0,1920x1080
3001456,desktop,Windows,Found,,Windows 10,chrome 63.0,1920x1080
3001457,desktop,Windows,Found,,Windows 10,chrome 63.0,1920x1080
3001458,desktop,Windows,Found,,Windows 10,chrome 63.0,1920x1080
3001459,desktop,Windows,Found,,Windows 10,chrome 63.0,1920x1080
3001460,desktop,Windows,Found,,Windows 10,chrome 63.0,1920x1080
3001461,desktop,Windows,Found,,Windows 10,chrome 63.0,1920x1080
3001462,desktop,Windows,Found,,Windows 10,chrome 63.0,1920x1080
3001463,desktop,Windows,Found,,Windows 10,chrome 63.0,1920x1080
3001464,desktop,Windows,Found,,Windows 10,chrome 63.0,1920x1080
3001465,desktop,Windows,Found,,Windows 10,chrome 63.0,1920x1080
3001466,desktop,Windows,Found,,Windows 10,chrome 63.0,1920x1080
3001467,desktop,Windows,Found,,Windows 10,chrome 63.0,1920x1080
3001468,desktop,Windows,Found,,Windows 10,chrome 63.0,1920x1080
3001469,desktop,Windows,Found,,Windows 10,chrome 63.0,1920x1080
3001470,desktop,Windows,Found,,Windows 10,chrome 63.0,1920x1080
3001471,desktop,Windows,Found,,Windows 10,chrome 63.0,1920x1080
3001472,desktop,Windows,Found,,Windows 10,chrome 63.0,1920x1080
3001473,desktop,Windows,Found,,Windows 10,chrome 63.0,1920x1080
3001474,desktop,Windows,Found,,Windows 10,chrome 63.0,1920x1080
3001475,desktop,Windows,Found,,Windows 10,chrome 63.0,1920x1080
3001476,desktop,Windows,Found,,Windows 10,chrome 63.0,1920x1080
3001477,desktop,Windows,Found,,Windows 10,chrome 63.0,1920x1080
3001478,desktop,Windows,Found,,Windows 10,chrome 63.0,1920x1080
3001479,desktop,Windows,Found,,Windows 10,chrome 63.0,1920x1080
3001480,desktop,Windows,Found,,Windows 10,chrome 63.0,1920x1080
3001481,desktop,Windows,Found,,Windows 10,chrome 63.0,1920x1080
3001482,desktop,Windows,Found,,Windows 10,chrome 63.0,1920x1080
3001483,desktop,Windows,Found,,Windows 10,chrome 63.0,1920x1080
3001484,desktop,Windows,Found,,Windows 10,chrome 63.0,1920x1080
3001485,desktop,Windows,Found,,Windows 10,chrome 63.0,1920x1080
3001486,desktop,Windows,Found,,Windows 10,chrome 63.0,1920x1080
3001487,desktop,Windows,Found,,Windows 10,chrome 63.0,1920x1080
3001488,desktop,Windows,Found,,Windows 10,chrome 63.0,1920x1080
3001489,desktop,Windows,Found,,Windows 10,chrome 63.0,1920x1080
3001490,desktop,Windows,Found,,Windows 10,chrome 63.0,1920x1080
3001491,desktop,Windows,Found,,Windows 10,chrome 63.0,1920x1080
3001492,desktop,Windows,Found,,Windows 10,chrome 63.0,1920x1080
3001493,desktop,Windows,Found,,Windows 10,chrome 63.0,1920x1080
3001494,desktop,Windows,Found,,Windows 10,chrome 63.0,1920x1080
3001495,desktop,Windows,Found,,Windows 10,chrome 63.0,1920x1080
3001496,desktop,Windows,Found,,Windows 10,chrome 63.0,1920x1080
3001497,desktop,Windows,Found,,Windows 10,chrome 63.0,1920x1080
3001498,desktop,Windows,Found,,Windows 10,chrome 63.0,1920x1080
3001499,desktop,Windows,Found,,Windows 10,chrome 63.0,1920x1080
3001500,desktop,Windows,Found,,Windows 10,chrome 63.0,1920x1080
3001501,desktop,Windows,Found,,Windows 10,chrome 63.0,1920x1080
3001502,desktop,Windows,Found,,Windows 10,chrome 63.0,1920x1080
3001503,desktop,Windows,Found,,Windows 10,chrome 63.0,1920x1080
3001504,desktop,Windows,Found,,Windows 10,chrome 63.0,1920x1080
3001505,desktop,Windows,Found,,Windows 10,chrome 63.0,1920x1080
3001506,desktop,Windows,Found,,Windows 10,chrome 63.0,1920x1080
3001507,desktop,Windows,Found,,Windows 10,chrome 63.0,1920x1080
3001508,desktop,Windows,Found,,Windows 10,chrome 63.0,1920x1080
3001509,desktop,Windows,Found,,Windows 10,chrome 63.0,1920x1080
3001510,desktop,Windows,Found,,Windows 10,chrome 63.0,1920x1080
3001511,desktop,Windows,Found,,Windows 10,chrome 63.0,1920x1080
3001512,desktop,Windows,Found,,Windows 10,chrome 63.0,1920x1080
3001513,desktop,Windows,Found,,Windows 10,chrome 63.0,1920x1080
3001514,desktop,Windows,Found,,Windows 10,chrome 63.0,1920x1080
3001515,desktop,Windows,Found,,Windows 10,chrome 63.0,1920x1080
3001516,desktop,Windows,Found,,Windows 10,chrome 63.0,1920x1080
3001517,desktop,Windows,Found,,Windows 10,chrome 63.0,1920x1080
3001518,desktop,Windows,Found,,Windows 10,chrome 63.0,1920x1080
3001519,desktop,Windows,Found,,Windows 10,chrome 63.0,1920x1080
3001520,desktop,Windows,Found,,Windows 10,chrome 63.0,1920x1080
3001521,desktop,Windows,Found,,Windows 10,chrome 63.0,1920x1080
3001522,desktop,Windows,Found,,Windows 10,chrome 63.0,1920x1080
3001523,desktop,Windows,Found,,Windows 10,chrome 63.0,1920x1080
3001524,desktop,Windows,Found,,Windows 10,chrome 63.0,1920x1080
3001525,desktop,Windows,Found,,Windows 10,chrome 63.0,1920x1080
3001526,desktop,Windows,Found,,Windows 10,chrome 63.0,1920x1080
3001527,desktop,Windows,Found,,Windows 10,chrome 63.0,1920x1080
3001528,desktop,Windows,Found,,Windows 10,chrome 63.0,1920x1080
3001529,desktop,Windows,Found,,Windows 10,chrome 63.0,1920x1080
3001530,desktop,Windows,Found,,Windows 10,chrome 63.0,1920x1080
3001531,desktop,Windows,Found,,Windows 10,chrome 63.0,1920x1080
3001532,desktop,Windows,Found,,Windows 10,chrome 63.0,1920x1080
3001533,desktop,Windows,Found,,Windows 10,chrome 63.0,1920x1080
3001534,desktop,Windows,Found,,Windows 10,chrome 63.0,1920x1080
3001535,desktop,Windows,Found,,Windows 10,chrome 63.0,1920x1080
3001536,desktop,Windows,Found,,Windows 10,chrome 63.0,1920x1080
3001537,desktop,Windows,Found,,Windows 10,chrome 63.0,1920x1080
3001538,desktop,Windows,Found,,Windows 10,chrome 63.0,1920x1080
3001539,desktop,Windows,Found,,Windows 10,chrome 63.0,1920x1080
3001540,desktop,Windows,Found,,Windows 10,chrome 63.0,1920x1080
3001541,desktop,Windows,Found,,Windows 10,chrome 63.0,1920x1080
3001542,desktop,Windows,Found,,Windows 10,chrome 63.0,1920x1080
3001543,desktop,Windows,Found,,Windows 10,chrome 63.0,1920x1080
3001544,desktop,Windows,Found,,Windows 10,chrome 63.0,1920x1080
3001545,desktop,Windows,Found,,Windows 10,chrome 63.0,1920x1080
3001546,desktop,Windows,Found,,Windows 10,chrome 63.0,1920x1080
3001547,desktop,Windows,Found,,Windows 10,chrome 63.0,1920x1080
3001548,desktop,Windows,Found,,Windows 10,chrome 63.0,1920x1080
3001549,desktop,Windows,Found,,Windows 10,chrome 63.0,1920x1080
3001550,desktop,Windows,Found,,Windows 10,chrome 63.0,1920x1080
3001551,desktop,Windows,Found,,Windows 10,chrome 63.0,1920x1080
3001552,desktop,Windows,Found,,Windows 10,chrome 63.0,1920x1080
3001553,desktop,Windows,Found,,Windows 10,chrome 63.0,1920x1080
3001554,desktop,Windows,Found,,Windows 10,chrome 63.0,1920x1080
3001555,desktop,Windows,Found,,Windows 10,chrome 63.0,1920x1080
3001556,desktop,Windows,Found,,Windows 10,chrome 63.0,1920x1080
3001557,desktop,Windows,Found,,Windows 10,chrome 63.0,1920x1080
3001558,desktop,Windows,Found,,Windows 10,chrome 63.0,1920x1080
3001559,desktop,Windows,Found,,Windows 10,chrome 63.0,1920x1080
3001560,desktop,Windows,Found,,Windows 10,chrome 63.0,1920x1080
3001561,desktop,Windows,Found,,Windows 10,chrome 63.0,1920x1080
3001562,desktop,Windows,Found,,Windows 10,chrome 63.0,1920x1080
3001563,desktop,Windows,Found,,Windows 10,chrome 63.0,1920x1080
3001564,desktop,Windows,Found,,Windows 10,chrome 63.0,1920x1080
3001565,desktop,Windows,Found,,Windows 10,chrome 63.0,1920x1080
3001566,desktop,Windows,Found,,Windows 10,chrome 63.0,1920x1080
3001567,desktop,Windows,Found,,Windows 10,chrome 63.0,1920x1080
3001568,desktop,Windows,Found,,Windows 10,chrome 63.0,1920x1080
3001569,desktop,Windows,Found,,Windows 10,chrome 63.0,1920x1080
3001570,desktop,Windows,Found,,Windows 10,chrome 63.0,1920x1080
3001571,desktop,Windows,Found,,Windows 10,chrome 63.0,1920x1080
3001572,desktop,Windows,Found,,Windows 10,chrome 63.0,1920x1080
3001573,desktop,Windows,Found,,Windows 10,chrome 63.0,1920x1080
3001574,desktop,Windows,Found,,Windows 10,chrome 63.0,1920x1080
3001575,desktop,Windows,Found,,Windows 10,chrome 63.0,1920x1080
3001576,desktop,Windows,Found,,Windows 10,chrome 63.0,1920x1080
3001577,desktop,Windows,Found,,Windows 10,chrome 63.0,1920x1080
3001578,desktop,Windows,Found,,Windows 10,chrome 63.0,1920x1080
3001579,desktop,Windows,Found,,Windows 10,chrome 63.0,1920x1080
3001580,desktop,Windows,Found,,Windows 10,chrome 63.0,1920x1080
3001581,desktop,Windows,Found,,Windows 10,chrome 63.0,1920x1080
3001582,desktop,Windows,Found,,Windows 10,chrome 63.0,1920x1080
3001583,desktop,Windows,Found,,Windows 10,chrome 63.0,1920x1080
3001584,desktop,Windows,Found,,Windows 10,chrome 63.0,1920x1080
3001585,desktop,Windows,Found,,Windows 10,chrome 63.0,1920x1080
3001586,desktop,Windows,Found,,Windows 10,chrome 63.0,1920x1080
3001587,desktop,Windows,Found,,Windows 10,chrome 63.0,1920x1080
3001588,desktop,Windows,Found,,Windows 10,chrome 63.0,1920x1080
3001589,desktop,Windows,Found,,Windows 10,chrome 63.0,1920x1080
3001590,desktop,Windows,Found,,Windows 10,chrome 63.0,1920x1080
3001591,desktop,Windows,Found,,Windows 10,chrome 63.0,1920x1080
3001592,desktop,Windows,Found,,Windows 10,chrome 63.0,1920x1080
3001593,desktop,Windows,Found,,Windows 10,chrome 63.0,1920x1080
3001594,desktop,Windows,Found,,Windows 10,chrome 63.0,1920x1080
3001595,desktop,Windows,Found,,Windows 10,chrome 63.0,1920x1080
3001596,desktop,Windows,Found,,Windows 10,chrome 63.0,1920x1080
3001597,desktop,Windows,Found,,Windows 10,chrome 63.0,1920x1080
3001598,desktop,Windows,Found,,Windows 10,chrome 63.0,1920x1080
3001599,desktop,Windows,Found,,Windows 10,chrome 63.0,1920x1080
3001600,desktop,Windows,Found,,Windows 10,chrome 63.0,1920x1080
3001601,desktop,Windows,Found,,Windows 10,chrome 63.0,1920x1080
3001602,desktop,Windows,Found,,Windows 10,chrome 63.0,1920x1080
3001603,desktop,Windows,Found,,Windows 10,chrome 63.0,1920x1080
3001604,desktop,Windows,Found,,Windows 10,chrome 63.0,1920x1080
3001605,desktop,Windows,Found,,Windows 10,chrome 63.0,1920x1080
3001606,desktop,Windows,Found,,Windows 10,chrome 63.0,1920x1080
3001607,desktop,Windows,Found,,Windows 10,chrome 63.0,1920x1080
3001608,desktop,Windows,Found,,Windows 10,chrome 63.0,1920x1080
3001609,desktop,Windows,Found,,Windows 10,chrome 63.0,1920x1080
3001610,desktop,Windows,Found,,Windows 10,chrome 63.0,1920x1080
3001611,desktop,Windows,Found,,Windows 10,chrome 63.0,1920x1080
3001612,desktop,Windows,Found,,Windows 10,chrome 63.0,1920x1080
3001613,desktop,Windows,Found,,Windows 10,chrome 63.0,1920x1080
3001614,desktop,Windows,Found,,Windows 10,chrome 63.0,1920x1080
3001615,desktop,Windows,Found,,Windows 10,chrome 63.0,1920x1080
3001616,desktop,Windows,Found,,Windows 10,chrome 63.0,1920x1080
3001617,desktop,Windows,Found,,Windows 10,chrome 63.0,1920x1080
3001618,desktop,Windows,Found,,Windows 10,chrome 63.0,1920x1080
3001619,desktop,Windows,Found,,Windows 10,chrome 63.0,1920x1080
3001620,desktop,Windows,Found,,Windows 10,chrome 63.0,1920x1080
3001621,desktop,Windows,Found,,Windows 10,chrome 63.0,1920x1080
3001622,desktop,Windows,Found,,Windows 10,chrome 63.0,1920x1080
3001623,desktop,Windows,Found,,Windows 10,chrome 63.0,1920x1080
3001624,desktop,Windows,Found,,Windows 10,chrome 63.0,1920x1080
3001625,desktop,Windows,Found,,Windows 10,chrome 63.0,1920x1080
3001626,desktop,Windows,Found,,Windows 10,chrome 63.0,1920x1080
3001627,desktop,Windows,Found,,Windows 10,chrome 63.0,1920x1080
3001628,desktop,Windows,Found,,Windows 10,chrome 63.0,1920x1080
3001629,desktop,Windows,Found,,Windows 10,chrome 63.0,1920x1080
3001630,desktop,Windows,Found,,Windows 10,chrome 63.0,1920x1080
3001631,desktop,Windows,Found,,Windows 10,chrome 63.0,1920x1080
3001632,desktop,Windows,Found,,Windows 10,chrome 63.0,1920x1080
3001633,desktop,Windows,Found,,Windows 10,chrome 63.0,1920x1080
3001634,desktop,Windows,Found,,Windows 10,chrome 63.0,1920x1080
3001635,desktop,Windows,Found,,Windows 10,chrome 63.0,1920x1080
3001636,desktop,Windows,Found,,Windows 10,chrome 63.0,1920x1080
3001637,desktop,Windows,Found,,Windows 10,chrome 63.0,1920x1080
3001638,desktop,Windows,Found,,Windows 10,chrome 63.0,1920x1080
3001639,desktop,Windows,Found,,Windows 10,chrome 63.0,1920x1080
3001640,desktop,Windows,Found,,Windows 10,chrome 63.0,1920x1080
3001641,desktop,Windows,Found,,Windows 10,chrome 63.0,1920x1080
3001642,desktop,Windows,Found,,Windows 10,chrome 63.0,1920x1080
3001643,desktop,Windows,Found,,Windows 10,chrome 63.0,1920x1080
3001644,desktop,Windows,Found,,Windows 10,chrome 63.0,1920x1080
3001645,desktop,Windows,Found,,Windows 10,chrome 63.0,1920x1080
3001646,desktop,Windows,Found,,Windows 10,chrome 63.0,1920x1080
3001647,desktop,Windows,Found,,Windows 10,chrome 63.0,1920x1080
3001648,desktop,Windows,Found,,Windows 10,chrome 63.0,1920x1080
3001649,desktop,Windows,Found,,Windows 10,chrome 63.0,1920x1080
3001650,desktop,Windows,Found,,Windows 10,chrome 63.0,1920x1080
3001651,desktop,Windows,Found,,Windows 10,chrome 63.0,1920x1080
3001652,desktop,Windows,Found,,Windows 10,chrome 63.0,1920x1080
3001653,desktop,Windows,Found,,Windows 10,chrome 63.0,1920x1080
3001654,desktop,Windows,Found,,Windows 10,chrome 63.0,1920x1080
3001655,desktop,Windows,Found,,Windows 10,chrome 63.0,1920x1080
3001656,desktop,Windows,Found,,Windows 10,chrome 63.0,1920x1080
3001657,desktop,Windows,Found,,Windows 10,chrome 63.0,1920x1080
3001658,desktop,Windows,Found,,Windows 10,chrome 63.0,1920x1080
3001659,desktop,Windows,Found,,Windows 10,chrome 63.0,1920x1080
3001660,desktop,Windows,Found,,Windows 10,chrome 63.0,1920x1080
3001661,desktop,Windows,Found,,Windows 10,chrome 63.0,1920x1080
3001662,desktop,Windows,Found,,Windows 10,chrome 63.0,1920x1080
3001663,desktop,Windows,Found,,Windows 10,chrome 63.0,1920x1080
3001664,desktop,Windows,Found,,Windows 10,chrome 63.0,1920x1080
3001665,desktop,Windows,Found,,Windows 10,chrome 63.0,1920x1080
3001666,desktop,Windows,Found,,Windows 10,chrome 63.0,1920x1080
3001667,desktop,Windows,Found,,Windows 10,chrome 63.0,1920x1080
3001668,desktop,Windows,Found,,Windows 10,chrome 63.0,1920x1080
3001669,desktop,Windows,Found,,Windows 10,chrome 63.0,1920x1080
3001670,desktop,Windows,Found,,Windows 10,chrome 63.0,1920x1080
3001671,desktop,Windows,Found,,Windows 10,chrome 63.0,1920x1080
3001672,desktop,Windows,Found,,Windows 10,chrome 63.0,1920x1080
3001673,desktop,Windows,Found,,Windows 10,chrome 63.0,1920x1080
3001674,desktop,Windows,Found,,Windows 10,chrome 63.0,1920x1080
3001675,desktop,Windows,Found,,Windows 10,chrome 63.0,1920x1080
3001676,desktop,Windows,Found,,Windows 10,chrome 63.0,1920x1080
3001677,desktop,Windows,Found,,Windows 10,chrome 63.0,1920x1080
3001678,desktop,Windows,Found,,Windows 10,chrome 63.0,1920x1080
3001679,desktop,Windows,Found,,Windows 10,chrome 63.0,1920x1080
3001680,desktop,Windows,Found,,Windows 10,chrome 63.0,1920x1080
3001681,desktop,Windows,Found,,Windows 10,chrome 63.0,1920x1080
3001682,desktop,Windows,Found,,Windows 10,chrome 63.0,1920x1080
3001683,desktop,Windows,Found,,Windows 10,chrome 63.0,1920x1080
3001684,desktop,Windows,Found,,Windows 10,chrome 63.0,1920x1080
3001685,desktop,Windows,Found,,Windows 10,chrome 63.0,1920x1080
3001686,desktop,Windows,Found,,Windows 10,chrome 63.0,1920x1080
3001687,desktop,Windows,Found,,Windows 10,chrome 63.0,1920x1080
3001688,desktop,Windows,Found,,Windows 10,chrome 63.0,1920x1080
3001689,desktop,Windows,Found,,Windows 10,chrome 63.0,1920x1080
3001690,desktop,Windows,Found,,Windows 10,chrome 63.0,1920x1080
3001691,desktop,Windows,Found,,Windows 10,chrome 63.0,1920x1080
3001692,desktop,Windows,Found,,Windows 10,chrome 63.0,1920x1080
3001693,desktop,Windows,Found,,Windows 10,chrome 63.0,1920x1080
3001694,desktop,Windows,Found,,Windows 10,chrome 63.0,1920x1080
3001695,desktop,Windows,Found,,Windows 10,chrome 63.0,1920x1080
3001696,desktop,Windows,Found,,Windows 10,chrome 63.0,1920x1080
3001697,desktop,Windows,Found,,Windows 10,chrome 63.0,1920x1080
3001698,desktop,Windows,Found,,Windows 10,chrome 63.0,1920x1080
3001699,desktop,Windows,Found,,Windows 10,chrome 63.0,1920x1080
3001700,desktop,Windows,Found,,Windows 10,chrome 63.0,1920x1080
3001701,desktop,Windows,Found,,Windows 10,chrome 63.0,1920x1080
3001702,desktop,Windows,Found,,Windows 10,chrome 63.0,1920x1080
3001703,desktop,Windows,Found,,Windows 10,chrome 63.0,1920x1080
3001704,desktop,Windows,Found,,Windows 10,chrome 63.0,1920x1080
3001705,desktop,Windows,Found,,Windows 10,chrome 63.0,1920x1080
3001706,desktop,Windows,Found,,Windows 10,chrome 63.0,1920x1080
3001707,desktop,Windows,Found,,Windows 10,chrome 63.0,1920x1080
3001708,desktop,Windows,Found,,Windows 10,chrome 63.0,1920x1080
3001709,desktop,Windows,Found,,Windows 10,chrome 63.0,1920x1080
3001710,desktop,Windows,Found,,Windows 10,chrome 63.0,1920x1080
3001711,desktop,Windows,Found,,Windows 10,chrome 63.0,1920x1080
3001712,desktop,Windows,Found,,Windows 10,chrome 63.0,1920x1080
3001713,desktop,Windows,Found,,Windows 10,chrome 63.0,1920x1080
3001714,desktop,Windows,Found,,Windows 10,chrome 63.0,1920x1080
3001715,desktop,Windows,Found,,Windows 10,chrome 63.0,1920x1080
3001716,desktop,Windows,Found,,Windows 10,chrome 63.0,1920x1080
3001717,desktop,Windows,Found,,Windows 10,chrome 63.0,1920x1080
3001718,desktop,Windows,Found,,Windows 10,chrome 63.0,1920x1080
3001719,desktop,Windows,Found,,Windows 10,chrome 63.0,1920x1080
3001720,desktop,Windows,Found,,Windows 10,chrome 63.0,1920x1080
3001721,desktop,Windows,Found,,Windows 10,chrome 63.0,1920x1080
3001722,desktop,Windows,Found,,Windows 10,chrome 63.0,1920x1080
3001723,desktop,Windows,Found,,Windows 10,chrome 63.0,1920x1080
3001724,desktop,Windows,Found,,Windows 10,chrome 63.0,1920x1080
3001725,desktop,Windows,Found,,Windows 10,chrome 63.0,1920x1080
3001726,desktop,Windows,Found,,Windows 10,chrome 63.0,1920x1080
3001727,desktop,Windows,Found,,Windows 10,chrome 63.0,1920x1080
3001728,desktop,Windows,Found,,Windows 10,chrome 63.0,1920x1080
3001729,desktop,Windows,Found,,Windows 10,chrome 63.0,1920x1080
3001730,desktop,Windows,Found,,Windows 10,chrome 63.0,1920x1080
3001731,desktop,Windows,Found,,Windows 10,chrome 63.0,1920x1080
3001732,desktop,Windows,Found,,Windows 10,chrome 63.0,1920x1080
3001733,desktop,Windows,Found,,Windows 10,chrome 63.0,1920x1080
3001734,desktop,Windows,Found,,Windows 10,chrome 63.0,1920x1080
3001735,desktop,Windows,Found,,Windows 10,chrome 63.0,1920x1080
3001736,desktop,Windows,Found,,Windows 10,chrome 63.0,1920x1080
3001737,desktop,Windows,Found,,Windows 10,chrome 63.0,1920x1080
3001738,desktop,Windows,Found,,Windows 10,chrome 63.0,1920x1080
3001739,desktop,Windows,Found,,Windows 10,chrome 63.0,1920x1080
3001740,desktop,Windows,Found,,Windows 10,chrome 63.0,1920x1080
3001741,desktop,Windows,Found,,Windows 10,chrome 63.0,1920x1080
3001742,desktop,Windows,Found,,Windows 10,chrome 63.0,1920x1080
3001743,desktop,Windows,Found,,Windows 10,chrome 63.0,1920x1080
3001744,desktop,Windows,Found,,Windows 10,chrome 63.0,1920x1080
3001745,desktop,Windows,Found,,Windows 10,chrome 63.0,1920x1080
3001746,desktop,Windows,Found,,Windows 10,chrome 63.0,1920x1080
3001747,desktop,Windows,Found,,Windows 10,chrome 63.0,1920x1080
3001748,desktop,Windows,Found,,Windows 10,chrome 63.0,1920x1080
3001749,desktop,Windows,Found,,Windows 10,chrome 63.0,1920x1080
3001750,desktop,Windows,Found,,Windows 10,chrome 63.0,1920x1080
3001751,desktop,Windows,Found,,Windows 10,chrome 63.0,1920x1080
3001752,desktop,Windows,Found,,Windows 10,chrome 63.0,1920x1080
3001753,desktop,Windows,Found,,Windows 10,chrome 63.0,1920x1080
3001754,desktop,Windows,Found,,Windows 10,chrome 63.0,1920x1080
3001755,desktop,Windows,Found,,Windows 10,chrome 63.0,1920x1080
3001756,desktop,Windows,Found,,Windows 10,chrome 63.0,1920x1080
3001757,desktop,Windows,Found,,Windows 10,chrome 63.0,1920x1080
3001758,desktop,Windows,Found,,Windows 10,chrome 63.0,1920x1080
3001759,desktop,Windows,Found,,Windows 10,chrome 63.0,1920x1080
3001760,desktop,Windows,Found,,Windows 10,chrome 63.0,1920x1080
3001761,desktop,Windows,Found,,Windows 10,chrome 63.0,1920x1080
3001762,desktop,Windows,Found,,Windows 10,chrome 63.0,1920x1080
3001763,desktop,Windows,Found,,Windows 10,chrome 63.0,1920x1080
3001764,desktop,Windows,Found,,Windows 10,chrome 63.0,1920x1080
3001765,desktop,Windows,Found,,Windows 10,chrome 63.0,1920x1080
3001766,desktop,Windows,Found,,Windows 10,chrome 63.0,1920x1080
3001767,desktop,Windows,Found,,Windows 10,chrome 63.0,1920x1080
3001768,desktop,Windows,Found,,Windows 10,chrome 63.0,1920x1080
3001769,desktop,Windows,Found,,Windows 10,chrome 63.0,1920x1080
3001770,desktop,Windows,Found,,Windows 10,chrome 63.0,1920x1080
3001771,desktop,Windows,Found,,Windows 10,chrome 63.0,1920x1080
3001772,desktop,Windows,Found,,Windows 10,chrome 63.0,1920x1080
3001773,desktop,Windows,Found,,Windows 10,chrome 63.0,1920x1080
3001774,desktop,Windows,Found,,Windows 10,chrome 63.0,1920x1080
3001775,desktop,Windows,Found,,Windows 10,chrome 63.0,1920x1080
3001776,desktop,Windows,Found,,Windows 10,chrome 63.0,1920x1080
3001777,desktop,Windows,Found,,Windows 10,chrome 63.0,1920x1080
3001778,desktop,Windows,Found,,Windows 10,chrome 63.0,1920x1080
3001779,desktop,Windows,Found,,Windows 10,chrome 63.0,1920x1080
3001780,desktop,Windows,Found,,Windows 10,chrome 63.0,1920x1080
3001781,desktop,Windows,Found,,Windows 10,chrome 63.0,1920x1080
3001782,desktop,Windows,Found,,Windows 10,chrome 63.0,1920x1080
3001783,desktop,Windows,Found,,Windows 10,chrome 63.0,1920x1080
3001784,desktop,Windows,Found,,Windows 10,chrome 63.0,1920x1080
3001785,desktop,Windows,Found,,Windows 10,chrome 63.0,1920x1080
3001786,desktop,Windows,Found,,Windows 10,chrome 63.0,1920x1080
3001787,desktop,Windows,Found,,Windows 10,chrome 63.0,1920x1080
3001788,desktop,Windows,Found,,Windows 10,chrome 63.0,1920x1080
3001789,desktop,Windows,Found,,Windows 10,chrome 63.0,1920x1080
3001790,desktop,Windows,Found,,Windows 10,chrome 63.0,1920x1080
3001791,desktop,Windows,Found,,Windows 10,chrome 63.0,1920x1080
3001792,desktop,Windows,Found,,Windows 10,chrome 63.0,1920x1080
3001793,desktop,Windows,Found,,Windows 10,chrome 63.0,1920x1080
3001794,desktop,Windows,Found,,Windows 10,chrome 63.0,1920x1080
3001795,desktop,Windows,Found,,Windows 10,chrome 63.0,1920x1080
3001796,desktop,Windows,Found,,Windows 10,chrome 63.0,1920x1080
3001797,desktop,Windows,Found,,Windows 10,chrome 63.0,1920x1080
3001798,desktop,Windows,Found,,Windows 10,chrome 63.0,1920x1080
3001799,desktop,Windows,Found,,Windows 10,chrome 63.0,1920x1080
3001800,desktop,Windows,Found,,Windows 10,chrome 63.0,1920x1080
3001801,desktop,Windows,Found,,Windows 10,chrome 63.0,1920x1080
3001802,desktop,Windows,Found,,Windows 10,chrome 63.0,1920x1080
3001803,desktop,Windows,Found,,Windows 10,chrome 63.0,1920x1080
3001804,desktop,Windows,Found,,Windows 10,chrome 63.0,1920x1080
3001805,desktop,Windows,Found,,Windows 10,chrome 63.0,1920x1080
3001806,desktop,Windows,Found,,Windows 10,chrome 63.0,1920x1080
3001807,desktop,Windows,Found,,Windows 10,chrome 63.0,1920x1080
3001808,desktop,Windows,Found,,Windows 10,chrome 63.0,1920x1080
3001809,desktop,Windows,Found,,Windows 10,chrome 63.0,1920x1080
3001810,desktop,Windows,Found,,Windows 10,chrome 63.0,1920x1080
3001811,desktop,Windows,Found,,Windows 10,chrome 63.0,1920x1080
3001812,desktop,Windows,Found,,Windows 10,chrome 63.0,1920x1080
3001813,desktop,Windows,Found,,Windows 10,chrome 63.0,1920x1080
3001814,desktop,Windows,Found,,Windows 10,chrome 63.0,1920x1080
3001815,desktop,Windows,Found,,Windows 10,chrome 63.0,1920x1080
3001816,desktop,Windows,Found,,Windows 10,chrome 63.0,1920x1080
3001817,desktop,Windows,Found,,Windows 10,chrome 63.0,1920x1080
3001818,desktop,Windows,Found,,Windows 10,chrome 63.0,1920x1080
3001819,desktop,Windows,Found,,Windows 10,chrome 63.0,1920x1080
3001820,desktop,Windows,Found,,Windows 10,chrome 63.0,1920x1080
3001821,desktop,Windows,Found,,Windows 10,chrome 63.0,1920x1080
3001822,desktop,Windows,Found,,Windows 10,chrome 63.0,1920x1080
3001823,desktop,Windows,Found,,Windows 10,chrome 63.0,1920x1080
3001824,desktop,Windows,Found,,Windows 10,chrome 63.0,1920x1080
3001825,desktop,Windows,Found,,Windows 10,chrome 63.0,1920x1080
3001826,desktop,Windows,Found,,Windows 10,chrome 63.0,1920x1080
3001827,desktop,Windows,Found,,Windows 10,chrome 63.0,1920x1080
3001828,desktop,Windows,Found,,Windows 10,chrome 63.0,1920x1080
3001829,desktop,Windows,Found,,Windows 10,chrome 63.0,1920x1080
3001830,desktop,Windows,Found,,Windows 10,chrome 63.0,1920x1080
3001831,desktop,Windows,Found,,Windows 10,chrome 63.0,1920x1080
3001832,desktop,Windows,Found,,Windows 10,chrome 63.0,1920x1080
3001833,desktop,Windows,Found,,Windows 10,chrome 63.0,1920x1080
3001834,desktop,Windows,Found,,Windows 10,chrome 63.0,1920x1080
3001835,desktop,Windows,Found,,Windows 10,chrome 63.0,1920x1080
3001836,desktop,Windows,Found,,Windows 10,chrome 63.0,1920x1080
3001837,desktop,Windows,Found,,Windows 10,chrome 63.0,1920x1080
3001838,desktop,Windows,Found,,Windows 10,chrome 63.0,1920x1080
3001839,desktop,Windows,Found,,Windows 10,chrome 63.0,1920x1080
3001840,desktop,Windows,Found,,Windows 10,chrome 63.0,1920x1080
3001841,desktop,Windows,Found,,Windows 10,chrome 63.0,1920x1080
3001842,desktop,Windows,Found,,Windows 10,chrome 63.0,1920x1080
3001843,desktop,Windows,Found,,Windows 10,chrome 63.0,1920x1080
3001844,desktop,Windows,Found,,Windows 10,chrome 63.0,1920x1080
3001845,desktop,Windows,Found,,Windows 10,chrome 63.0,1920x1080
3001846,desktop,Windows,Found,,Windows 10,chrome 63.0,1920x1080
3001847,desktop,Windows,Found,,Windows 10,chrome 63.0,1920x1080
3001848,desktop,Windows,Found,,Windows 10,chrome 63.0,1920x1080
3001849,desktop,Windows,Found,,Windows 10,chrome 63.0,1920x1080
3001850,desktop,Windows,Found,,Windows 10,chrome 63.0,1920x1080
3001851,desktop,Windows,Found,,Windows 10,chrome 63.0,1920x1080
3001852,desktop,Windows,Found,,Windows 10,chrome 63.0,1920x1080
3001853,desktop,Windows,Found,,Windows 10,chrome 63.0,1920x1080
3001854,desktop,Windows,Found,,Windows 10,chrome 63.0,1920x1080
3001855,desktop,Windows,Found,,Windows 10,chrome 63.0,1920x1080
3001856,desktop,Windows,Found,,Windows 10,chrome 63.0,1920x1080
3001857,desktop,Windows,Found,,Windows 10,chrome 63.0,1920x1080
3001858,desktop,Windows,Found,,Windows 10,chrome 63.0,1920x1080
3001859,desktop,Windows,Found,,Windows 10,chrome 63.0,1920x1080
3001860,desktop,Windows,Found,,Windows 10,chrome 63.0,1920x1080
3001861,desktop,Windows,Found,,Windows 10,chrome 63.0,1920x1080
3001862,desktop,Windows,Found,,Windows 10,chrome 63.0,1920x1080
3001863,desktop,Windows,Found,,Windows 10,chrome 63.0,1920x1080
3001864,desktop,Windows,Found,,Windows 10,chrome 63.0,1920x1080
3001865,desktop,Windows,Found,,Windows 10,chrome 63.0,1920x1080
3001866,desktop,Windows,Found,,Windows 10,chrome 63.0,1920x1080
3001867,desktop,Windows,Found,,Windows 10,chrome 63.0,1920x1080
3001868,desktop,Windows,Found,,Windows 10,chrome 63.0,1920x1080
3001869,desktop,Windows,Found,,Windows 10,chrome 63.0,1920x1080
3001870,desktop,Windows,Found,,Windows 10,chrome 63.0,1920x1080
3001871,desktop,Windows,Found,,Windows 10,chrome 63.0,1920x1080
3001872,desktop,Windows,Found,,Windows 10,chrome 63.0,1920x1080
3001873,desktop,Windows,Found,,Windows 10,chrome 63.0,1920x1080
3001874,desktop,Windows,Found,,Windows 10,chrome 63.0,1920x1080
3001875,desktop,Windows,Found,,Windows 10,chrome 63.0,1920x1080
3001876,desktop,Windows,Found,,Windows 10,chrome 63.0,1920x1080
3001877,desktop,Windows,Found,,Windows 10,chrome 63.0,1920x1080
3001878,desktop,Windows,Found,,Windows 10,chrome 63.0,1920x1080
3001879,desktop,Windows,Found,,Windows 10,chrome 63.0,1920x1080
3001880,desktop,Windows,Found,,Windows 10,chrome 63.0,1920x1080
3001881,desktop,Windows,Found,,Windows 10,chrome 63.0,1920x1080
3001882,desktop,Windows,Found,,Windows 10,chrome 63.0,1920x1080
3001883,desktop,Windows,Found,,Windows 10,chrome 63.0,1920x1080
3001884,desktop,Windows,Found,,Windows 10,chrome 63.0,1920x1080
3001885,desktop,Windows,Found,,Windows 10,chrome 63.0,1920x1080
3001886,desktop,Windows,Found,,Windows 10,chrome 63.0,1920x1080
3001887,desktop,Windows,Found,,Windows 10,chrome 63.0,1920x1080
3001888,desktop,Windows,Found,,Windows 10,chrome 63.0,1920x1080
3001889,desktop,Windows,Found,,Windows 10,chrome 63.0,1920x1080
3001890,desktop,Windows,Found,,Windows 10,chrome 63.0,1920x1080
3001891,desktop,Windows,Found,,Windows 10,chrome 63.0,1920x1080
3001892,desktop,Windows,Found,,Windows 10,chrome 63.0,1920x1080
3001893,desktop,Windows,Found,,Windows 10,chrome 63.0,1920x1080
3001894,desktop,Windows,Found,,Windows 10,chrome 63.0,1920x1080
3001895,desktop,Windows,Found,,Windows 10,chrome 63.0,1920x1080
3001896,desktop,Windows,Found,,Windows 10,chrome 63.0,1920x1080
3001897,desktop,Windows,Found,,Windows 10,chrome 63.0,1920x1080
3001898,desktop,Windows,Found,,Windows 10,chrome 63.0,1920x1080
3001899,desktop,Windows,Found,,Windows 10,chrome 63.0,1920x1080
3001900,desktop,Windows,Found,,Windows 10,chrome 63.0,1920x1080
3001901,desktop,Windows,Found,,Windows 10,chrome 63.0,1920x1080
3001902,desktop,Windows,Found,,Windows 10,chrome 63.0,1920x1080
3001903,desktop,Windows,Found,,Windows 10,chrome 63.0,1920x1080
3001904,desktop,Windows,Found,,Windows 10,chrome 63.0,1920x1080
3001905,desktop,Windows,Found,,Windows 10,chrome 63.0,1920x1080
3001906,desktop,Windows,Found,,Windows 10,chrome 63.0,1920x1080
3001907,desktop,Windows,Found,,Windows 10,chrome 63.0,1920x1080
3001908,desktop,Windows,Found,,Windows 10,chrome 63.0,1920x1080
3001909,desktop,Windows,Found,,Windows 10,chrome 63.0,1920x1080
3001910,desktop,Windows,Found,,Windows 10,chrome 63.0,1920x1080
3001911,desktop,Windows,Found,,Windows 10,chrome 63.0,1920x1080
3001912,desktop,Windows,Found,,Windows 10,chrome 63.0,1920x1080
3001913,desktop,Windows,Found,,Windows 10,chrome 63.0,1920x1080
3001914,desktop,Windows,Found,,Windows 10,chrome 63.0,1920x1080
3001915,desktop,Windows,Found,,Windows 10,chrome 63.0,1920x1080
3001916,desktop,Windows,Found,,Windows 10,chrome 63.0,1920x1080
3001917,desktop,Windows,Found,,Windows 10,chrome 63.0,1920x1080
3001918,desktop,Windows,Found,,Windows 10,chrome 63.0,1920x1080
3001919,desktop,Windows,Found,,Windows 10,chrome 63.0,1920x1080
3001920,desktop,Windows,Found,,Windows 10,chrome 63.0,1920x1080
3001921,desktop,Windows,Found,,Windows 10,chrome 63.0,1920x1080
3001922,desktop,Windows,Found,,Windows 10,chrome 63.0,1920x1080
3001923,desktop,Windows,Found,,Windows 10,chrome 63.0,1920x1080
3001924,desktop,Windows,Found,,Windows 10,chrome 63.0,1920x1080
3001925,desktop,Windows,Found,,Windows 10,chrome 63.0,1920x1080
3001926,desktop,Windows,Found,,Windows 10,chrome 63.0,1920x1080
3001927,desktop,Windows,Found,,Windows 10,chrome 63.0,1920x1080
3001928,desktop,Windows,Found,,Windows 10,chrome 63.0,1920x1080
3001929,desktop,Windows,Found,,Windows 10,chrome 63.0,1920x1080
3001930,desktop,Windows,Found,,Windows 10,chrome 63.0,1920x1080
3001931,desktop,Windows,Found,,Windows 10,chrome 63.0,1920x1080
3001932,desktop,Windows,Found,,Windows 10,chrome 63.0,1920x1080
3001933,desktop,Windows,Found,,Windows 10,chrome 63.0,1920x1080
3001934,desktop,Windows,Found,,Windows 10,chrome 63.0,1920x1080
3001935,desktop,Windows,Found,,Windows 10,chrome 63.0,1920x1080
3001936,desktop,Windows,Found,,Windows 10,chrome 63.0,1920x1080
3001937,desktop,Windows,Found,,Windows 10,chrome 63.0,1920x1080
3001938,desktop,Windows,Found,,Windows 10,chrome 63.0,1920x1080
3001939,desktop,Windows,Found,,Windows 10,chrome 63.0,1920x1080
3001940,desktop,Windows,Found,,Windows 10,chrome 63.0,1920x1080
3001941,desktop,Windows,Found,,Windows 10,chrome 63.0,1920x1080
3001942,desktop,Windows,Found,,Windows 10,chrome 63.0,1920x1080
3001943,desktop,Windows,Found,,Windows 10,chrome 63.0,1920x1080
3001944,desktop,Windows,Found,,Windows 10,chrome 63.0,1920x1080
3001945,desktop,Windows,Found,,Windows 10,chrome 63.0,1920x1080
3001946,desktop,Windows,Found,,Windows 10,chrome 63.0,1920x1080
3001947,desktop,Windows,Found,,Windows 10,chrome 63.0,1920x1080
3001948,desktop,Windows,Found,,Windows 10,chrome 63.0,1920x1080
3001949,desktop,Windows,Found,,Windows 10,chrome 63.0,1920x1080
3001950,desktop,Windows,Found,,Windows 10,chrome 63.0,1920x1080
3001951,desktop,Windows,Found,,Windows 10,chrome 63.0,1920x1080
3001952,desktop,Windows,Found,,Windows 10,chrome 63.0,1920x1080
3001953,desktop,Windows,Found,,Windows 10,chrome 63.0,1920x1080
3001954,desktop,Windows,Found,,Windows 10,chrome 63.0,1920x1080
3001955,desktop,Windows,Found,,Windows 10,chrome 63.0,1920x1080
3001956,desktop,Windows,Found,,Windows 10,chrome 63.0,1920x1080
3001957,desktop,Windows,Found,,Windows 10,chrome 63.0,1920x1080
3001958,desktop,Windows,Found,,Windows 10,chrome 63.0,1920x1080
3001959,desktop,Windows,Found,,Windows 10,chrome 63.0,1920x1080
3001960,desktop,Windows,Found,,Windows 10,chrome 63.0,1920x1080
3001961,desktop,Windows,Found,,Windows 10,chrome 63.0,1920x1080
3001962,desktop,Windows,Found,,Windows 10,chrome 63.0,1920x1080
3001963,desktop,Windows,Found,,Windows 10,chrome 63.0,1920x1080
3001964,desktop,Windows,Found,,Windows 10,chrome 63.0,1920x1080
3001965,desktop,Windows,Found,,Windows 10,chrome 63.0,1920x1080
3001966,desktop,Windows,Found,,Windows 10,chrome 63.0,1920x1080
3001967,desktop,Windows,Found,,Windows 10,chrome 63.0,1920x1080
3001968,desktop,Windows,Found,,Windows 10,chrome 63.0,1920x1080
3001969,desktop,Windows,Found,,Windows 10,chrome 63.0,1920x1080
3001970,desktop,Windows,Found,,Windows 10,chrome 63.0,1920x1080
3001971,desktop,Windows,Found,,Windows 10,chrome 63.0,1920x1080
3001972,desktop,Windows,Found,,Windows 10,chrome 63.0,1920x1080
3001973,desktop,Windows,Found,,Windows 10,chrome 63.0,1920x1080
3001974,desktop,Windows,Found,,Windows 10,chrome 63.0,1920x1080
3001975,desktop,Windows,Found,,Windows 10,chrome 63.0,1920x1080
3001976,desktop,Windows,Found,,Windows 10,chrome 63.0,1920x1080
3001977,desktop,Windows,Found,,Windows 10,chrome 63.0,1920x1080
3001978,desktop,Windows,Found,,Windows 10,chrome 63.0,1920x1080
3001979,desktop,Windows,Found,,Windows 10,chrome 63.0,1920x1080
3001980,desktop,Windows,Found,,Windows 10,chrome 63.0,1920x1080
3001981,desktop,Windows,Found,,Windows 10,chrome 63.0,1920x1080
3001982,desktop,Windows,Found,,Windows 10,chrome 63.0,1920x1080
3001983,desktop,Windows,Found,,Windows 10,chrome 63.0,1920x1080
3001984,desktop,Windows,Found,,Windows 10,chrome 63.0,1920x1080
3001985,desktop,Windows,Found,,Windows 10,chrome 63.0,1920x1080
3001986,desktop,Windows,Found,,Windows 10,chrome 63.0,1920x1080
3001987,desktop,Windows,Found,,Windows 10,chrome 63.0,1920x1080
3001988,desktop,Windows,Found,,Windows 10,chrome 63.0,1920x1080
3001989,desktop,Windows,Found,,Windows 10,chrome 63.0,1920x1080
3001990,desktop,Windows,Found,,Windows 10,chrome 63.0,1920x1080
3001991,desktop,Windows,Found,,Windows 10,chrome 63.0,1920x1080
3001992,desktop,Windows,Found,,Windows 10,chrome 63.0,1920x1080
3001993,desktop,Windows,Found,,Windows 10,chrome 63.0,1920x1080
3001994,desktop,Windows,Found,,Windows 10,chrome 63.0,1920x1080
3001995,desktop,Windows,Found,,Windows 10,chrome 63.0,1920x1080
3001996,desktop,Windows,Found,,Windows 10,chrome 63.0,1920x1080
3001997,desktop,Windows,Found,,Windows 10,chrome 63.0,1920x1080
3001998,desktop,Windows,Found,,Windows 10,chrome 63.0,1920x1080
3001999,desktop,Windows,Found,,Windows 10,chrome 63.0,1920x1080
3002000,desktop,Windows,Found,,Windows 10,chrome 63.0,1920x1080
3002001,desktop,Windows,Found,,Windows 10,chrome 63.0,1920x1080
3002002,desktop,Windows,Found,,Windows 10,chrome 63.0,1920x1080
3002003,desktop,Windows,Found,,Windows 10,chrome 63.0,1920x1080
3002004,desktop,Windows,Found,,Windows 10,chrome 63.0,1920x1080
3002005,desktop,Windows,Found,,Windows 10,chrome 63.0,1920x1080
3002006,desktop,Windows,Found,,Windows 10,chrome 63.0,1920x1080
3002007,desktop,Windows,Found,,Windows 10,chrome 63.0,1920x1080
3002008,desktop,Windows,Found,,Windows 10,chrome 63.0,1920x1080
3002009,desktop,Windows,Found,,Windows 10,chrome 63.0,1920x1080
3002010,desktop,Windows,Found,,Windows 10,chrome 63.0,1920x1080
3002011,desktop,Windows,Found,,Windows 10,chrome 63.0,1920x1080
3002012,desktop,Windows,Found,,Windows 10,chrome 63.0,1920x1080
3002013,desktop,Windows,Found,,Windows 10,chrome 63.0,1920x1080
3002014,desktop,Windows,Found,,Windows 10,chrome 63.0,1920x1080
3002015,desktop,Windows,Found,,Windows 10,chrome 63.0,1920x1080
3002016,desktop,Windows,Found,,Windows 10,chrome 63.0,1920x1080
3002017,desktop,Windows,Found,,Windows 10,chrome 63.0,1920x1080
3002018,desktop,Windows,Found,,Windows 10,chrome 63.0,1920x1080
3002019,desktop,Windows,Found,,Windows 10,chrome 63.0,1920x1080
3002020,desktop,Windows,Found,,Windows 10,chrome 63.0,1920x1080
3002021,desktop,Windows,Found,,Windows 10,chrome 63.0,1920x1080
3002022,desktop,Windows,Found,,Windows 10,chrome 63.0,1920x1080
3002023,desktop,Windows,Found,,Windows 10,chrome 63.0,1920x1080
3002024,desktop,Windows,Found,,Windows 10,chrome 63.0,1920x1080
3002025,desktop,Windows,Found,,Windows 10,chrome 63.0,1920x1080
3002026,desktop,Windows,Found,,Windows 10,chrome 63.0,1920x1080
3002027,desktop,Windows,Found,,Windows 10,chrome 63.0,1920x1080
3002028,desktop,Windows,Found,,Windows 10,chrome 63.0,1920x1080
3002029,desktop,Windows,Found,,Windows 10,chrome 63.0,1920x1080
3002030,desktop,Windows,Found,,Windows 10,chrome 63.0,1920x1080
3002031,desktop,Windows,Found,,Windows 10,chrome 63.0,1920x1080
3002032,desktop,Windows,Found,,Windows 10,chrome 63.0,1920x1080
3002033,desktop,Windows,Found,,Windows 10,chrome 63.0,1920x1080
3002034,desktop,Windows,Found,,Windows 10,chrome 63.0,1920x1080
3002035,desktop,Windows,Found,,Windows 10,chrome 63.0,1920x1080
3002036,desktop,Windows,Found,,Windows 10,chrome 63.0,1920x1080
3002037,desktop,Windows,Found,,Windows 10,chrome 63.0,1920x1080
3002038,desktop,Windows,Found,,Windows 10,chrome 63.0,1920x1080
3002039,desktop,Windows,Found,,Windows 10,chrome 63.0,1920x1080
3002040,desktop,Windows,Found,,Windows 10,chrome 63.0,1920x1080
3002041,desktop,Windows,Found,,Windows 10,chrome 63.0,1920x1080
3002042,desktop,Windows,Found,,Windows 10,chrome 63.0,1920x1080
3002043,desktop,Windows,Found,,Windows 10,chrome 63.0,1920x1080
3002044,desktop,Windows,Found,,Windows 10,chrome 63.0,1920x1080
3002045,desktop,Windows,Found,,Windows 10,chrome 63.0,1920x1080
3002046,desktop,Windows,Found,,Windows 10,chrome 63.0,1920x1080
3002047,desktop,Windows,Found,,Windows 10,chrome 63.0,1920x1080
3002048,desktop,Windows,Found,,Windows 10,chrome 63.0,1920x1080
3002049,desktop,Windows,Found,,Windows 10,chrome 63.0,1920x1080
3002050,desktop,Windows,Found,,Windows 10,chrome 63.0,1920x1080
3002051,desktop,Windows,Found,,Windows 10,chrome 63.0,1920x1080
3002052,desktop,Windows,Found,,Windows 10,chrome 63.0,1920x1080
3002053,desktop,Windows,Found,,Windows 10,chrome 63.0,1920x1080
3002054,desktop,Windows,Found,,Windows 10,chrome 63.0,1920x1080
3002055,desktop,Windows,Found,,Windows 10,chrome 63.0,1920x1080
3002056,desktop,Windows,Found,,Windows 10,chrome 63.0,1920x1080
3002057,desktop,Windows,Found,,Windows 10,chrome 63.0,1920x1080
3002058,desktop,Windows,Found,,Windows 10,chrome 63.0,1920x1080
3002059,desktop,Windows,Found,,Windows 10,chrome 63.0,1920x1080
3002060,desktop,Windows,Found,,Windows 10,chrome 63.0,1920x1080
3002061,desktop,Windows,Found,,Windows 10,chrome 63.0,1920x1080
3002062,desktop,Windows,Found,,Windows 10,chrome 63.0,1920x1080
3002063,desktop,Windows,Found,,Windows 10,chrome 63.0,1920x1080
3002064,desktop,Windows,Found,,Windows 10,chrome 63.0,1920x1080
3002065,desktop,Windows,Found,,Windows 10,chrome 63.0,1920x1080
3002066,desktop,Windows,Found,,Windows 10,chrome 63.0,1920x1080
3002067,desktop,Windows,Found,,Windows 10,chrome 63.0,1920x1080
3002068,desktop,Windows,Found,,Windows 10,chrome 63.0,1920x1080
3002069,desktop,Windows,Found,,Windows 10,chrome 63.0,1920x1080
3002070,desktop,Windows,Found,,Windows 10,chrome 63.0,1920x1080
3002071,desktop,Windows,Found,,Windows 10,chrome 63.0,1920x1080
3002072,desktop,Windows,Found,,Windows 10,chrome 63.0,1920x1080
3002073,desktop,Windows,Found,,Windows 10,chrome 63.0,1920x1080
3002074,desktop,Windows,Found,,Windows 10,chrome 63.0,1920x1080
3002075,desktop,Windows,Found,,Windows 10,chrome 63.0,1920x1080
3002076,desktop,Windows,Found,,Windows 10,chrome 63.0,1920x1080
3002077,desktop,Windows,Found,,Windows 10,chrome 63.0,1920x1080
3002078,desktop,Windows,Found,,Windows 10,chrome 63.0,1920x1080
3002079,desktop,Windows,Found,,Windows 10,chrome 63.0,1920x1080
3002080,desktop,Windows,Found,,Windows 10,chrome 63.0,1920x1080
3002081,desktop,Windows,Found,,Windows 10,chrome 63.0,1920x1080
3002082,desktop,Windows,Found,,Windows 10,chrome 63.0,1920x1080
3002083,desktop,Windows,Found,,Windows 10,chrome 63.0,1920x1080
3002084,desktop,Windows,Found,,Windows 10,chrome 63.0,1920x1080
3002085,desktop,Windows,Found,,Windows 10,chrome 63.0,1920x1080
3002086,desktop,Windows,Found,,Windows 10,chrome 63.0,1920x1080
3002087,desktop,Windows,Found,,Windows 10,chrome 63.0,1920x1080
3002088,desktop,Windows,Found,,Windows 10,chrome 63.0,1920x1080
3002089,desktop,Windows,Found,,Windows 10,chrome 63.0,1920x1080
3002090,desktop,Windows,Found,,Windows 10,chrome 63.0,1920x1080
3002091,desktop,Windows,Found,,Windows 10,chrome 63.0,1920x1080
3002092,desktop,Windows,Found,,Windows 10,chrome 63.0,1920x1080
3002093,desktop,Windows,Found,,Windows 10,chrome 63.0,1920x1080
3002094,desktop,Windows,Found,,Windows 10,chrome 63.0,1920x1080
3002095,desktop,Windows,Found,,Windows 10,chrome 63.0,1920x1080
3002096,desktop,Windows,Found,,Windows 10,chrome 63.0,1920x1080
3002097,desktop,Windows,Found,,Windows 10,chrome 63.0,1920x1080
3002098,desktop,Windows,Found,,Windows 10,chrome 63.0,1920x1080
3002099,desktop,Windows,Found,,Windows 10,chrome 63.0,1920x1080
3002100,desktop,Windows,Found,,Windows 10,chrome 63.0,1920x1080
3002101,desktop,Windows,Found,,Windows 10,chrome 63.0,1920x1080
3002102,desktop,Windows,Found,,Windows 10,chrome 63.0,1920x1080
3002103,desktop,Windows,Found,,Windows 10,chrome 63.0,1920x1080
3002104,desktop,Windows,Found,,Windows 10,chrome 63.0,1920x1080
3002105,desktop,Windows,Found,,Windows 10,chrome 63.0,1920x1080
3002106,desktop,Windows,Found,,Windows 10,chrome 63.0,1920x1080
3002107,desktop,Windows,Found,,Windows 10,chrome 63.0,1920x1080
3002108,desktop,Windows,Found,,Windows 10,chrome 63.0,1920x1080
3002109,desktop,Windows,Found,,Windows 10,chrome 63.0,1920x1080
3002110,desktop,Windows,Found,,Windows 10,chrome 63.0,1920x1080
3002111,desktop,Windows,Found,,Windows 10,chrome 63.0,1920x1080
3002112,desktop,Windows,Found,,Windows 10,chrome 63.0,1920x1080
3002113,desktop,Windows,Found,,Windows 10,chrome 63.0,1920x1080
3002114,desktop,Windows,Found,,Windows 10,chrome 63.0,1920x1080
3002115,desktop,Windows,Found,,Windows 10,chrome 63.0,1920x1080
3002116,desktop,Windows,Found,,Windows 10,chrome 63.0,1920x1080
3002117,desktop,Windows,Found,,Windows 10,chrome 63.0,1920x1080
3002118,desktop,Windows,Found,,Windows 10,chrome 63.0,1920x1080
3002119,desktop,Windows,Found,,Windows 10,chrome 63.0,1920x1080
3002120,desktop,Windows,Found,,Windows 10,chrome 63.0,1920x1080
3002121,desktop,Windows,Found,,Windows 10,chrome 63.0,1920x1080
3002122,desktop,Windows,Found,,Windows 10,chrome 63.0,1920x1080
3002123,desktop,Windows,Found,,Windows 10,chrome 63.0,1920x1080
3002124,desktop,Windows,Found,,Windows 10,chrome 63.0,1920x1080
3002125,desktop,Windows,Found,,Windows 10,chrome 63.0,1920x1080
3002126,desktop,Windows,Found,,Windows 10,chrome 63.0,1920x1080
3002127,desktop,Windows,Found,,Windows 10,chrome 63.0,1920x1080
3002128,desktop,Windows,Found,,Windows 10,chrome 63.0,1920x1080
3002129,desktop,Windows,Found,,Windows 10,chrome 63.0,1920x1080
3002130,desktop,Windows,Found,,Windows 10,chrome 63.0,1920x1080
3002131,desktop,Windows,Found,,Windows 10,chrome 63.0,1920x1080
3002132,desktop,Windows,Found,,Windows 10,chrome 63.0,1920x1080
3002133,desktop,Windows,Found,,Windows 10,chrome 63.0,1920x1080
3002134,desktop,Windows,Found,,Windows 10,chrome 63.0,1920x1080
3002135,desktop,Windows,Found,,Windows 10,chrome 63.0,1920x1080
3002136,desktop,Windows,Found,,Windows 10,chrome 63.0,1920x1080
3002137,desktop,Windows,Found,,Windows 10,chrome 63.0,1920x1080
3002138,desktop,Windows,Found,,Windows 10,chrome 63.0,1920x1080
3002139,desktop,Windows,Found,,Windows 10,chrome 63.0,1920x1080
3002140,desktop,Windows,Found,,Windows 10,chrome 63.0,1920x1080
3002141,desktop,Windows,Found,,Windows 10,chrome 63.0,1920x1080
3002142,desktop,Windows,Found,,Windows 10,chrome 63.0,1920x1080
3002143,desktop,Windows,Found,,Windows 10,chrome 63.0,1920x1080
3002144,desktop,Windows,Found,,Windows 10,chrome 63.0,1920x1080
3002145,desktop,Windows,Found,,Windows 10,chrome 63.0,1920x1080
3002146,desktop,Windows,Found,,Windows 10,chrome 63.0,1920x1080
3002147,desktop,Windows,Found,,Windows 10,chrome 63.0,1920x1080
3002148,desktop,Windows,Found,,Windows 10,chrome 63.0,1920x1080
3002149,desktop,Windows,Found,,Windows 10,chrome 63.0,1920x1080
3002150,desktop,Windows,Found,,Windows 10,chrome 63.0,1920x1080
3002151,desktop,Windows,Found,,Windows 10,chrome 63.0,1920x1080
3002152,desktop,Windows,Found,,Windows 10,chrome 63.0,1920x1080
3002153,desktop,Windows,Found,,Windows 10,chrome 63.0,1920x1080
3002154,desktop,Windows,Found,,Windows 10,chrome 63.0,1920x1080
3002155,desktop,Windows,Found,,Windows 10,chrome 63.0,1920x1080
3002156,desktop,Windows,Found,,Windows 10,chrome 63.0,1920x1080
3002157,desktop,Windows,Found,,Windows 10,chrome 63.0,1920x1080
3002158,desktop,Windows,Found,,Windows 10,chrome 63.0,1920x1080
3002159,desktop,Windows,Found,,Windows 10,chrome 63.0,1920x1080
3002160,desktop,Windows,Found,,Windows 10,chrome 63.0,1920x1080
3002161,desktop,Windows,Found,,Windows 10,chrome 63.0,1920x1080
3002162,desktop,Windows,Found,,Windows 10,chrome 63.0,1920x1080
3002163,desktop,Windows,Found,,Windows 10,chrome 63.0,1920x1080
3002164,desktop,Windows,Found,,Windows 10,chrome 63.0,1920x1080
3002165,desktop,Windows,Found,,Windows 10,chrome 63.0,1920x1080
3002166,desktop,Windows,Found,,Windows 10,chrome 63.0,1920x1080
3002167,desktop,Windows,Found,,Windows 10,chrome 63.0,1920x1080
3002168,desktop,Windows,Found,,Windows 10,chrome 63.0,1920x1080
3002169,desktop,Windows,Found,,Windows 10,chrome 63.0,1920x1080
3002170,desktop,Windows,Found,,Windows 10,chrome 63.0,1920x1080
3002171,desktop,Windows,Found,,Windows 10,chrome 63.0,1920x1080
3002172,desktop,Windows,Found,,Windows 10,chrome 63.0,1920x1080
3002173,desktop,Windows,Found,,Windows 10,chrome 63.0,1920x1080
3002174,desktop,Windows,Found,,Windows 10,chrome 63.0,1920x1080
3002175,desktop,Windows,Found,,Windows 10,chrome 63.0,1920x1080
3002176,desktop,Windows,Found,,Windows 10,chrome 63.0,1920x1080
3002177,desktop,Windows,Found,,Windows 10,chrome 63.0,1920x1080
3002178,desktop,Windows,Found,,Windows 10,chrome 63.0,1920x1080
3002179,desktop,Windows,Found,,Windows 10,chrome 63.0,1920x1080
3002180,desktop,Windows,Found,,Windows 10,chrome 63.0,1920x1080
3002181,desktop,Windows,Found,,Windows 10,chrome 63.0,1920x1080
3002182,desktop,Windows,Found,,Windows 10,chrome 63.0,1920x1080
3002183,desktop,Windows,Found,,Windows 10,chrome 63.0,1920x1080
3002184,desktop,Windows,Found,,Windows 10,chrome 63.0,1920x1080
3002185,desktop,Windows,Found,,Windows 10,chrome 63.0,1920x1080
3002186,desktop,Windows,Found,,Windows 10,chrome 63.0,1920x1080
3002187,desktop,Windows,Found,,Windows 10,chrome 63.0,1920x1080
3002188,desktop,Windows,Found,,Windows 10,chrome 63.0,1920x1080
3002189,desktop,Windows,Found,,Windows 10,chrome 63.0,1920x1080
3002190,desktop,Windows,Found,,Windows 10,chrome 63.0,1920x1080
3002191,desktop,Windows,Found,,Windows 10,chrome 63.0,1920x1080
3002192,desktop,Windows,Found,,Windows 10,chrome 63.0,1920x1080
3002193,desktop,Windows,Found,,Windows 10,chrome 63.0,1920x1080
3002194,desktop,Windows,Found,,Windows 10,chrome 63.0,1920x1080
3002195,desktop,Windows,Found,,Windows 10,chrome 63.0,1920x1080
3002196,desktop,Windows,Found,,Windows 10,chrome 63.0,1920x1080
3002197,desktop,Windows,Found,,Windows 10,chrome 63.0,1920x1080
3002198,desktop,Windows,Found,,Windows 10,chrome 63.0,1920x1080
3002199,desktop,Windows,Found,,Windows 10,chrome 63.0,1920x1080
3002200,desktop,Windows,Found,,Windows 10,chrome 63.0,1920x1080
3002201,desktop,Windows,Found,,Windows 10,chrome 63.0,1920x1080
3002202,desktop,Windows,Found,,Windows 10,chrome 63.0,1920x1080
3002203,desktop,Windows,Found,,Windows 10,chrome 63.0,1920x1080
3002204,desktop,Windows,Found,,Windows 10,chrome 63.0,1920x1080
3002205,desktop,Windows,Found,,Windows 10,chrome 63.0,1920x1080
3002206,desktop,Windows,Found,,Windows 10,chrome 63.0,1920x1080
3002207,desktop,Windows,Found,,Windows 10,chrome 63.0,1920x1080
3002208,desktop,Windows,Found,,Windows 10,chrome 63.0,1920x1080
3002209,desktop,Windows,Found,,Windows 10,chrome 63.0,1920x1080
3002210,desktop,Windows,Found,,Windows 10,chrome 63.0,1920x1080
3002211,desktop,Windows,Found,,Windows 10,chrome 63.0,1920x1080
3002212,desktop,Windows,Found,,Windows 10,chrome 63.0,1920x1080
3002213,desktop,Windows,Found,,Windows 10,chrome 63.0,1920x1080
3002214,desktop,Windows,Found,,Windows 10,chrome 63.0,1920x1080
3002215,desktop,Windows,Found,,Windows 10,chrome 63.0,1920x1080
3002216,desktop,Windows,Found,,Windows 10,chrome 63.0,1920x1080
3002217,desktop,Windows,Found,,Windows 10,chrome 63.0,1920x1080
3002218,desktop,Windows,Found,,Windows 10,chrome 63.0,1920x1080
3002219,desktop,Windows,Found,,Windows 10,chrome 63.0,1920x1080
3002220,desktop,Windows,Found,,Windows 10,chrome 63.0,1920x1080
3002221,desktop,Windows,Found,,Windows 10,chrome 63.0,1920x1080
3002222,desktop,Windows,Found,,Windows 10,chrome 63.0,1920x1080
3002223,desktop,Windows,Found,,Windows 10,chrome 63.0,1920x1080
3002224,desktop,Windows,Found,,Windows 10,chrome 63.0,1920x1080
3002225,desktop,Windows,Found,,Windows 10,chrome 63.0,1920x1080
3002226,desktop,Windows,Found,,Windows 10,chrome 63.0,1920x1080
3002227,desktop,Windows,Found,,Windows 10,chrome 63.0,1920x1080
3002228,desktop,Windows,Found,,Windows 10,chrome 63.0,1920x1080
3002229,desktop,Windows,Found,,Windows 10,chrome 63.0,1920x1080
3002230,desktop,Windows,Found,,Windows 10,chrome 63.0,1920x1080
3002231,desktop,Windows,Found,,Windows 10,chrome 63.0,1920x1080
3002232,desktop,Windows,Found,,Windows 10,chrome 63.0,1920x1080
3002233,desktop,Windows,Found,,Windows 10,chrome 63.0,1920x1080
3002234,desktop,Windows,Found,,Windows 10,chrome 63.0,1920x1080
3002235,desktop,Windows,Found,,Windows 10,chrome 63.0,1920x1080
3002236,desktop,Windows,Found,,Windows 10,chrome 63.0,1920x1080
3002237,desktop,Windows,Found,,Windows 10,chrome 63.0,1920x1080
3002238,desktop,Windows,Found,,Windows 10,chrome 63.0,1920x1080
3002239,desktop,Windows,Found,,Windows 10,chrome 63.0,1920x1080
3002240,desktop,Windows,Found,,Windows 10,chrome 63.0,1920x1080
3002241,desktop,Windows,Found,,Windows 10,chrome 63.0,1920x1080
3002242,desktop,Windows,Found,,Windows 10,chrome 63.0,1920x1080
3002243,desktop,Windows,Found,,Windows 10,chrome 63.0,1920x1080
3002244,desktop,Windows,Found,,Windows 10,chrome 63.0,1920x1080
3002245,desktop,Windows,Found,,Windows 10,chrome 63.0,1920x1080
3002246,desktop,Windows,Found,,Windows 10,chrome 63.0,1920x1080
3002247,desktop,Windows,Found,,Windows 10,chrome 63.0,1920x1080
3002248,desktop,Windows,Found,,Windows 10,chrome 63.0,1920x1080
3002249,desktop,Windows,Found,,Windows 10,chrome 63.0,1920x1080
3002250,desktop,Windows,Found,,Windows 10,chrome 63.0,1920x1080
3002251,desktop,Windows,Found,,Windows 10,chrome 63.0,1920x1080
3002252,desktop,Windows,Found,,Windows 10,chrome 63.0,1920x1080
3002253,desktop,Windows,Found,,Windows 10,chrome 63.0,1920x1080
3002254,desktop,Windows,Found,,Windows 10,chrome 63.0,1920x1080
3002255,desktop,Windows,Found,,Windows 10,chrome 63.0,1920x1080
3002256,desktop,Windows,Found,,Windows 10,chrome 63.0,1920x1080
3002257,desktop,Windows,Found,,Windows 10,chrome 63.0,1920x1080
3002258,desktop,Windows,Found,,Windows 10,chrome 63.0,1920x1080
3002259,desktop,Windows,Found,,Windows 10,chrome 63.0,1920x1080
3002260,desktop,Windows,Found,,Windows 10,chrome 63.0,1920x1080
3002261,desktop,Windows,Found,,Windows 10,chrome 63.0,1920x1080
3002262,desktop,Windows,Found,,Windows 10,chrome 63.0,1920x1080
3002263,desktop,Windows,Found,,Windows 10,chrome 63.0,1920x1080
3002264,desktop,Windows,Found,,Windows 10,chrome 63.0,1920x1080
3002265,desktop,Windows,Found,,Windows 10,chrome 63.0,1920x1080
3002266,desktop,Windows,Found,,Windows 10,chrome 63.0,1920x1080
3002267,desktop,Windows,Found,,Windows 10,chrome 63.0,1920x1080
3002268,desktop,Windows,Found,,Windows 10,chrome 63.0,1920x1080
3002269,desktop,Windows,Found,,Windows 10,chrome 63.0,1920x1080
3002270,desktop,Windows,Found,,Windows 10,chrome 63.0,1920x1080
3002271,desktop,Windows,Found,,Windows 10,chrome 63.0,1920x1080
3002272,desktop,Windows,Found,,Windows 10,chrome 63.0,1920x1080
3002273,desktop,Windows,Found,,Windows 10,chrome 63.0,1920x1080
3002274,desktop,Windows,Found,,Windows 10,chrome 63.0,1920x1080
3002275,desktop,Windows,Found,,Windows 10,chrome 63.0,1920x1080
3002276,desktop,Windows,Found,,Windows 10,chrome 63.0,1920x1080
3002277,desktop,Windows,Found,,Windows 10,chrome 63.0,1920x1080
3002278,desktop,Windows,Found,,Windows 10,chrome 63.0,1920x1080
3002279,desktop,Windows,Found,,Windows 10,chrome 63.0,1920x1080
3002280,desktop,Windows,Found,,Windows 10,chrome 63.0,1920x1080
3002281,desktop,Windows,Found,,Windows 10,chrome 63.0,1920x1080
3002282,desktop,Windows,Found,,Windows 10,chrome 63.0,1920x1080
3002283,desktop,Windows,Found,,Windows 10,chrome 63.0,1920x1080
3002284,desktop,Windows,Found,,Windows 10,chrome 63.0,1920x1080
3002285,desktop,Windows,Found,,Windows 10,chrome 63.0,1920x1080
3002286,desktop,Windows,Found,,Windows 10,chrome 63.0,1920x1080
3002287,desktop,Windows,Found,,Windows 10,chrome 63.0,1920x1080
3002288,desktop,Windows,Found,,Windows 10,chrome 63.0,1920x1080
3002289,desktop,Windows,Found,,Windows 10,chrome 63.0,1920x1080
3002290,desktop,Windows,Found,,Windows 10,chrome 63.0,1920x1080
3002291,desktop,Windows,Found,,Windows 10,chrome 63.0,1920x1080
3002292,desktop,Windows,Found,,Windows 10,chrome 63.0,1920x1080
3002293,desktop,Windows,Found,,Windows 10,chrome 63.0,1920x1080
3002294,desktop,Windows,Found,,Windows 10,chrome 63.0,1920x1080
3002295,desktop,Windows,Found,,Windows 10,chrome 63.0,1920x1080
3002296,desktop,Windows,Found,,Windows 10,chrome 63.0,1920x1080
3002297,desktop,Windows,Found,,Windows 10,chrome 63.0,1920x1080
3002298,desktop,Windows,Found,,Windows 10,chrome 63.0,1920x1080
3002299,desktop,Windows,Found,,Windows 10,chrome 63.0,1920x1080
3002300,desktop,Windows,Found,,Windows 10,chrome 63.0,1920x1080
3002301,desktop,Windows,Found,,Windows 10,chrome 63.0,1920x1080
3002302,desktop,Windows,Found,,Windows 10,chrome 63.0,1920x1080
3002303,desktop,Windows,Found,,Windows 10,chrome 63.0,1920x1080
3002304,desktop,Windows,Found,,Windows 10,chrome 63.0,1920x1080
3002305,desktop,Windows,Found,,Windows 10,chrome 63.0,1920x1080
3002306,desktop,Windows,Found,,Windows 10,chrome 63.0,1920x1080
3002307,desktop,Windows,Found,,Windows 10,chrome 63.0,1920x1080
3002308,desktop,Windows,Found,,Windows 10,chrome 63.0,1920x1080
3002309,desktop,Windows,Found,,Windows 10,chrome 63.0,1920x1080
3002310,desktop,Windows,Found,,Windows 10,chrome 63.0,1920x1080
3002311,desktop,Windows,Found,,Windows 10,chrome 63.0,1920x1080
3002312,desktop,Windows,Found,,Windows 10,chrome 63.0,1920x1080
3002313,desktop,Windows,Found,,Windows 10,chrome 63.0,1920x1080
3002314,desktop,Windows,Found,,Windows 10,chrome 63.0,1920x1080
3002315,desktop,Windows,Found,,Windows 10,chrome 63.0,1920x1080
3002316,desktop,Windows,Found,,Windows 10,chrome 63.0,1920x1080
3002317,desktop,Windows,Found,,Windows 10,chrome 63.0,1920x1080
3002318,desktop,Windows,Found,,Windows 10,chrome 63.0,1920x1080
3002319,desktop,Windows,Found,,Windows 10,chrome 63.0,1920x1080
3002320,desktop,Windows,Found,,Windows 10,chrome 63.0,1920x1080
3002321,desktop,Windows,Found,,Windows 10,chrome 63.0,1920x1080
3002322,desktop,Windows,Found,,Windows 10,chrome 63.0,1920x1080
3002323,desktop,Windows,Found,,Windows 10,chrome 63.0,1920x1080
3002324,desktop,Windows,Found,,Windows 10,chrome 63.0,1920x1080
3002325,desktop,Windows,Found,,Windows 10,chrome 63.0,1920x1080
3002326,desktop,Windows,Found,,Windows 10,chrome 63.0,1920x1080
3002327,desktop,Windows,Found,,Windows 10,chrome 63.0,1920x1080
3002328,desktop,Windows,Found,,Windows 10,chrome 63.0,1920x1080
3002329,desktop,Windows,Found,,Windows 10,chrome 63.0,1920x1080
3002330,desktop,Windows,Found,,Windows 10,chrome 63.0,1920x1080
3002331,desktop,Windows,Found,,Windows 10,chrome 63.0,1920x1080
3002332,desktop,Windows,Found,,Windows 10,chrome 63.0,1920x1080
3002333,desktop,Windows,Found,,Windows 10,chrome 63.0,1920x1080
3002334,desktop,Windows,Found,,Windows 10,chrome 63.0,1920x1080
3002335,desktop,Windows,Found,,Windows 10,chrome 63.0,1920x1080
3002336,desktop,Windows,Found,,Windows 10,chrome 63.0,1920x1080
3002337,desktop,Windows,Found,,Windows 10,chrome 63.0,1920x1080
3002338,desktop,Windows,Found,,Windows 10,chrome 63.0,1920x1080
3002339,desktop,Windows,Found,,Windows 10,chrome 63.0,1920x1080
3002340,desktop,Windows,Found,,Windows 10,chrome 63.0,1920x1080
3002341,desktop,Windows,Found,,Windows 10,chrome 63.0,1920x1080
3002342,desktop,Windows,Found,,Windows 10,chrome 63.0,1920x1080
3002343,desktop,Windows,Found,,Windows 10,chrome 63.0,1920x1080
3002344,desktop,Windows,Found,,Windows 10,chrome 63.0,1920x1080
3002345,desktop,Windows,Found,,Windows 10,chrome 63.0,1920x1080
3002346,desktop,Windows,Found,,Windows 10,chrome 63.0,1920x1080
3002347,desktop,Windows,Found,,Windows 10,chrome 63.0,1920x1080
3002348,desktop,Windows,Found,,Windows 10,chrome 63.0,1920x1080
3002349,desktop,Windows,Found,,Windows 10,chrome 63.0,1920x1080
3002350,desktop,Windows,Found,,Windows 10,chrome 63.0,1920x1080
3002351,desktop,Windows,Found,,Windows 10,chrome 63.0,1920x1080
3002352,desktop,Windows,Found,,Windows 10,chrome 63.0,1920x1080
3002353,desktop,Windows,Found,,Windows 10,chrome 63.0,1920x1080
3002354,desktop,Windows,Found,,Windows 10,chrome 63.0,1920x1080
3002355,desktop,Windows,Found,,Windows 10,chrome 63.0,1920x1080
3002356,desktop,Windows,Found,,Windows 10,chrome 63.0,1920x1080
3002357,desktop,Windows,Found,,Windows 10,chrome 63.0,1920x1080
3002358,desktop,Windows,Found,,Windows 10,chrome 63.0,1920x1080
3002359,desktop,Windows,Found,,Windows 10,chrome 63.0,1920x1080
3002360,desktop,Windows,Found,,Windows 10,chrome 63.0,1920x1080
3002361,desktop,Windows,Found,,Windows 10,chrome 63.0,1920x1080
3002362,desktop,Windows,Found,,Windows 10,chrome 63.0,1920x1080
3002363,desktop,Windows,Found,,Windows 10,chrome 63.0,1920x1080
3002364,desktop,Windows,Found,,Windows 10,chrome 63.0,1920x1080
3002365,desktop,Windows,Found,,Windows 10,chrome 63.0,1920x1080
3002366,desktop,Windows,Found,,Windows 10,chrome 63.0,1920x1080
3002367,desktop,Windows,Found,,Windows 10,chrome 63.0,1920x1080
3002368,desktop,Windows,Found,,Windows 10,chrome 63.0,1920x1080
3002369,desktop,Windows,Found,,Windows 10,chrome 63.0,1920x1080
3002370,desktop,Windows,Found,,Windows 10,chrome 63.0,1920x1080
3002371,desktop,Windows,Found,,Windows 10,chrome 63.0,1920x1080
3002372,desktop,Windows,Found,,Windows 10,chrome 63.0,1920x1080
3002373,desktop,Windows,Found,,Windows 10,chrome 63.0,1920x1080
3002374,desktop,Windows,Found,,Windows 10,chrome 63.0,1920x1080
3002375,desktop,Windows,Found,,Windows 10,chrome 63.0,1920x1080
3002376,desktop,Windows,Found,,Windows 10,chrome 63.0,1920x1080
3002377,desktop,Windows,Found,,Windows 10,chrome 63.0,1920x1080
3002378,desktop,Windows,Found,,Windows 10,chrome 63.0,1920x1080
3002379,desktop,Windows,Found,,Windows 10,chrome 63.0,1920x1080
3002380,desktop,Windows,Found,,Windows 10,chrome 63.0,1920x1080
3002381,desktop,Windows,Found,,Windows 10,chrome 63.0,1920x1080
3002382,desktop,Windows,Found,,Windows 10,chrome 63.0,1920x1080
3002383,desktop,Windows,Found,,Windows 10,chrome 63.0,1920x1080
3002384,desktop,Windows,Found,,Windows 10,chrome 63.0,1920x1080
3002385,desktop,Windows,Found,,Windows 10,chrome 63.0,1920x1080
3002386,desktop,Windows,Found,,Windows 10,chrome 63.0,1920x1080
3002387,desktop,Windows,Found,,Windows 10,chrome 63.0,1920x1080
3002388,desktop,Windows,Found,,Windows 10,chrome 63.0,1920x1080
3002389,desktop,Windows,Found,,Windows 10,chrome 63.0,1920x1080
3002390,desktop,Windows,Found,,Windows 10,chrome 63.0,1920x1080
3002391,desktop,Windows,Found,,Windows 10,chrome 63.0,1920x1080
3002392,desktop,Windows,Found,,Windows 10,chrome 63.0,1920x1080
3002393,desktop,Windows,Found,,Windows 10,chrome 63.0,1920x1080
3002394,desktop,Windows,Found,,Windows 10,chrome 63.0,1920x1080
3002395,desktop,Windows,Found,,Windows 10,chrome 63.0,1920x1080
3002396,desktop,Windows,Found,,Windows 10,chrome 63.0,1920x1080
3002397,desktop,Windows,Found,,Windows 10,chrome 63.0,1920x1080
3002398,desktop,Windows,Found,,Windows 10,chrome 63.0,1920x1080
3002399,desktop,Windows,Found,,Windows 10,chrome 63.0,1920x1080
3002400,desktop,Windows,Found,,Windows 10,chrome 63.0,1920x1080
3002401,desktop,Windows,Found,,Windows 10,chrome 63.0,1920x1080
3002402,desktop,Windows,Found,,Windows 10,chrome 63.0,1920x1080
3002403,desktop,Windows,Found,,Windows 10,chrome 63.0,1920x1080
3002404,desktop,Windows,Found,,Windows 10,chrome 63.0,1920x1080
3002405,desktop,Windows,Found,,Windows 10,chrome 63.0,1920x1080
3002406,desktop,Windows,Found,,Windows 10,chrome 63.0,1920x1080
3002407,desktop,Windows,Found,,Windows 10,chrome 63.0,1920x1080
3002408,desktop,Windows,Found,,Windows 10,chrome 63.0,1920x1080
3002409,desktop,Windows,Found,,Windows 10,chrome 63.0,1920x1080
3002410,desktop,Windows,Found,,Windows 10,chrome 63.0,1920x1080
3002411,desktop,Windows,Found,,Windows 10,chrome 63.0,1920x1080
3002412,desktop,Windows,Found,,Windows 10,chrome 63.0,1920x1080
3002413,desktop,Windows,Found,,Windows 10,chrome 63.0,1920x1080
3002414,desktop,Windows,Found,,Windows 10,chrome 63.0,1920x1080
3002415,desktop,Windows,Found,,Windows 10,chrome 63.0,1920x1080
3002416,desktop,Windows,Found,,Windows 10,chrome 63.0,1920x1080
3002417,desktop,Windows,Found,,Windows 10,chrome 63.0,1920x1080
3002418,desktop,Windows,Found,,Windows 10,chrome 63.0,1920x1080
3002419,desktop,Windows,Found,,Windows 10,chrome 63.0,1920x1080
3002420,desktop,Windows,Found,,Windows 10,chrome 63.0,1920x1080
3002421,desktop,Windows,Found,,Windows 10,chrome 63.0,1920x1080
3002422,desktop,Windows,Found,,Windows 10,chrome 63.0,1920x1080
3002423,desktop,Windows,Found,,Windows 10,chrome 63.0,1920x1080
3002424,desktop,Windows,Found,,Windows 10,chrome 63.0,1920x1080
3002425,desktop,Windows,Found,,Windows 10,chrome 63.0,1920x1080
3002426,desktop,Windows,Found,,Windows 10,chrome 63.0,1920x1080
3002427,desktop,Windows,Found,,Windows 10,chrome 63.0,1920x1080
3002428,desktop,Windows,Found,,Windows 10,chrome 63.0,1920x1080
3002429,desktop,Windows,Found,,Windows 10,chrome 63.0,1920x1080
3002430,desktop,Windows,Found,,Windows 10,chrome 63.0,1920x1080
3002431,desktop,Windows,Found,,Windows 10,chrome 63.0,1920x1080
3002432,desktop,Windows,Found,,Windows 10,chrome 63.0,1920x1080
3002433,desktop,Windows,Found,,Windows 10,chrome 63.0,1920x1080
3002434,desktop,Windows,Found,,Windows 10,chrome 63.0,1920x1080
3002435,desktop,Windows,Found,,Windows 10,chrome 63.0,1920x1080
3002436,desktop,Windows,Found,,Windows 10,chrome 63.0,1920x1080
3002437,desktop,Windows,Found,,Windows 10,chrome 63.0,1920x1080
3002438,desktop,Windows,Found,,Windows 10,chrome 63.0,1920x1080
3002439,desktop,Windows,Found,,Windows 10,chrome 63.0,1920x1080
3002440,desktop,Windows,Found,,Windows 10,chrome 63.0,1920x1080
3002441,desktop,Windows,Found,,Windows 10,chrome 63.0,1920x1080
3002442,desktop,Windows,Found,,Windows 10,chrome 63.0,1920x1080
3002443,desktop,Windows,Found,,Windows 10,chrome 63.0,1920x1080
3002444,desktop,Windows,Found,,Windows 10,chrome 63.0,1920x1080
3002445,desktop,Windows,Found,,Windows 10,chrome 63.0,1920x1080
3002446,desktop,Windows,Found,,Windows 10,chrome 63.0,1920x1080
3002447,desktop,Windows,Found,,Windows 10,chrome 63.0,1920x1080
3002448,desktop,Windows,Found,,Windows 10,chrome 63.0,1920x1080
3002449,desktop,Windows,Found,,Windows 10,chrome 63.0,1920x1080
3002450,desktop,Windows,Found,,Windows 10,chrome 63.0,1920x1080
3002451,desktop,Windows,Found,,Windows 10,chrome 63.0,1920x1080
3002452,desktop,Windows,Found,,Windows 10,chrome 63.0,1920x1080
3002453,desktop,Windows,Found,,Windows 10,chrome 63.0,1920x1080
3002454,desktop,Windows,Found,,Windows 10,chrome 63.0,1920x1080
3002455,desktop,Windows,Found,,Windows 10,chrome 63.0,1920x1080
3002456,desktop,Windows,Found,,Windows 10,chrome 63.0,1920x1080
3002457,desktop,Windows,Found,,Windows 10,chrome 63.0,1920x1080
3002458,desktop,Windows,Found,,Windows 10,chrome 63.0,1920x1080
3002459,desktop,Windows,Found,,Windows 10,chrome 63.0,1920x1080
3002460,desktop,Windows,Found,,Windows 10,chrome 63.0,1920x1080
3002461,desktop,Windows,Found,,Windows 10,chrome 63.0,1920x1080
3002462,desktop,Windows,Found,,Windows 10,chrome 63.0,1920x1080
3002463,desktop,Windows,Found,,Windows 10,chrome 63.0,1920x1080
3002464,desktop,Windows,Found,,Windows 10,chrome 63.0,1920x1080
3002465,desktop,Windows,Found,,Windows 10,chrome 63.0,1920x1080
3002466,desktop,Windows,Found,,Windows 10,chrome 63.0,1920x1080
3002467,desktop,Windows,Found,,Windows 10,chrome 63.0,1920x1080
3002468,desktop,Windows,Found,,Windows 10,chrome 63.0,1920x1080
3002469,desktop,Windows,Found,,Windows 10,chrome 63.0,1920x1080
3002470,desktop,Windows,Found,,Windows 10,chrome 63.0,1920x1080
3002471,desktop,Windows,Found,,Windows 10,chrome 63.0,1920x1080
3002472,desktop,Windows,Found,,Windows 10,chrome 63.0,1920x1080
3002473,desktop,Windows,Found,,Windows 10,chrome 63.0,1920x1080
3002474,desktop,Windows,Found,,Windows 10,chrome 63.0,1920x1080
3002475,desktop,Windows,Found,,Windows 10,chrome 63.0,1920x1080
3002476,desktop,Windows,Found,,Windows 10,chrome 63.0,1920x1080
3002477,desktop,Windows,Found,,Windows 10,chrome 63.0,1920x1080
3002478,desktop,Windows,Found,,Windows 10,chrome 63.0,1920x1080
3002479,desktop,Windows,Found,,Windows 10,chrome 63.0,1920x1080
3002480,desktop,Windows,Found,,Windows 10,chrome 63.0,1920x1080
3002481,desktop,Windows,Found,,Windows 10,chrome 63.0,1920x1080
3002482,desktop,Windows,Found,,Windows 10,chrome 63.0,1920x1080
3002483,desktop,Windows,Found,,Windows 10,chrome 63.0,1920x1080
3002484,desktop,Windows,Found,,Windows 10,chrome 63.0,1920x1080
3002485,desktop,Windows,Found,,Windows 10,chrome 63.0,1920x1080
3002486,desktop,Windows,Found,,Windows 10,chrome 63.0,1920x1080
3002487,desktop,Windows,Found,,Windows 10,chrome 63.0,1920x1080
3002488,desktop,Windows,Found,,Windows 10,chrome 63.0,1920x1080
3002489,desktop,Windows,Found,,Windows 10,chrome 63.0,1920x1080
3002490,desktop,Windows,Found,,Windows 10,chrome 63.0,1920x1080
3002491,desktop,Windows,Found,,Windows 10,chrome 63.0,1920x1080
3002492,desktop,Windows,Found,,Windows 10,chrome 63.0,1920x1080
3002493,desktop,Windows,Found,,Windows 10,chrome 63.0,1920x1080
3002494,desktop,Windows,Found,,Windows 10,chrome 63.0,1920x1080
3002495,desktop,Windows,Found,,Windows 10,chrome 63.0,1920x1080
3002496,desktop,Windows,Found,,Windows 10,chrome 63.0,1920x1080
3002497,desktop,Windows,Found,,Windows 10,chrome 63.0,1920x1080
3002498,desktop,Windows,Found,,Windows 10,chrome 63.0,1920x1080
3002499,desktop,Windows,Found,,Windows 10,chrome 63.0,1920x1080
3002500,desktop,Windows,Found,,Windows 10,chrome 63.0,1920x1080
3002501,mobile,SM-G930V Build/NRD90M,New,ANONYMOUS,Android 7.0,chrome 62.0 for android,1440x2560
3002502,desktop,Windows,Found,,Windows 10,chrome 63.0,1920x1080
3002503,desktop,Windows,Found,,Windows 10,chrome 63.0,1920x1080
3002504,desktop,Windows,Found,,Windows 10,chrome 63.0,1920x1080
3002505,desktop,Windows,Found,,Windows 10,chrome 63.0,1920x1080
3002506,desktop,Windows,Found,,Windows 10,chrome 63.0,1920x1080
3002507,desktop,Windows,Found,,Windows 10,chrome 63.0,1920x1080
3002508,desktop,Windows,Found,,Windows 10,chrome 63.0,1920x1080
3002509,desktop,Windows,Found,,Windows 10,chrome 63.0,1920x1080
3002510,desktop,Windows,Found,,Windows 10,chrome 63.0,1920x1080
3002511,desktop,Windows,Found,,Windows 10,chrome 63.0,1920x1080
3002512,desktop,Windows,Found,,Windows 10,chrome 63.0,1920x1080
3002513,desktop,Windows,Found,,Windows 10,chrome 63.0,1920x1080
3002514,mobile,SM-G930V Build/NRD90M,New,ANONYMOUS,Android 7.0,chrome 62.0 for android,1440x2560
